,title,link
0,一人でもバンドだぜ！ 1万以上の音色でベースとドラムを奏でるギター用無線アンプ,https://news.yahoo.co.jp/articles/d40a82eb6658f5e89f06cba1788c1ab536096738
1,「DX」関連株の中で、長期成長に期待の日米の2銘柄！時価総額が世界2位ながら売上＆利益が急成長の「マイクロソフト」、経営改革で収益力上昇の「富士通」に注目,https://news.yahoo.co.jp/articles/52362cce33460d2febb6b5043cdc33b08531899e
2,DeepLの翻訳結果に突如現れた顔文字「彡(^)(^)」が話題,https://news.yahoo.co.jp/articles/25a89051528884020a5338539bc03ae5786be645
3,米Amazon「レビュー詐欺師に責任を負わせる」　偽レビュー業者を2社を提訴,https://news.yahoo.co.jp/articles/bbfac4a0ea5f090aab7b415451adcab3a9b86dc7
4,メディアエージェンシーの世界で、 AI はユビキタスを達成したか？,https://news.yahoo.co.jp/articles/3f833466a24c3a69f43d7c8b1a678ee57762a33a
5,AIなどの先進技術で生産性を高めた3D CAD「NX」の最新版,https://news.yahoo.co.jp/articles/c81338ddbbdd7cf9add8ba2118c4c2b7c61d89e3
6,モトローラの最新ハイエンド端末「motorola edge 30 pro」は「日本発売の予定アリ」,https://news.yahoo.co.jp/articles/c6b59d5bb685db9ef9ff07ea5c960c692ea4a80c
7,AIにビジネスの常識を組み込むことはできるのか--効果的に生かすには,https://news.yahoo.co.jp/articles/b63316607a4cba0426f05e0d05e99d5c7c155fea
8,アマゾンが「究極の財務諸表はフリー・キャッシュフロー」だと断言する理由,https://news.yahoo.co.jp/articles/c9143d3cdd71ba6478006a61020b8b979f816452
9,富士通が仮想化5G基地局を開発、世界で展開,https://news.yahoo.co.jp/articles/38584da63ed58bed72a6933c4d09b76ec07f2f69
10,OPPO、ハイエンド新モデル「Find X5 Pro」「Find X5」を発表,https://news.yahoo.co.jp/articles/96161b3e4dccadde93564899fe4a91323300b259
11,米モトローラ、新プレミアムスマホ「edge 30 Pro」発表,https://news.yahoo.co.jp/articles/a862c73d0db162f6a1b80d7d2c6937c5ca9d47de
12,米アマゾン、不正レビューのブローカーを提訴,https://news.yahoo.co.jp/articles/17341e54d58b0413e9a8cec909de7d8e6230c413
13,Pythonソフトウェア財団、「PyPI」の組織アカウント機能構築で開発者募集,https://news.yahoo.co.jp/articles/4b5a2b0c551e0ec881210d1ff74aaaed84babc71
14,米アマゾン、偽レビュー業者2社を提訴,https://news.yahoo.co.jp/articles/a390f6efecda00fba44a27b25314919c95e07fc9
15,総力戦で消費者に“刺さる”製品を! ソニーが語る「LinkBuds」開発秘話,https://news.yahoo.co.jp/articles/5a4ae0993c7d80db555483f47e4daeb8b46a4a7f
16,ダイキンのDX、他社協業の狙いとは？--アイデミー石川の「DXの勘所」【前編】,https://news.yahoo.co.jp/articles/5e8972ff9d1faf43fab05189868d672c914124cb
17,AI、三日会わざれば刮目して見よ!,https://news.yahoo.co.jp/articles/9f37fab8a68e33f3adfcd43d56a6c6f0fa48c300
18,「産業用AI」「産業用AIoT」とは何か、2021～26年の予測で見えた“明るい”市場動向,https://news.yahoo.co.jp/articles/1c1241c3631ec987e1e02d1f7916202e00f711d8
19,インフレが今年の市場に最も影響＝ＪＰモルガン機関投資家調査,https://news.yahoo.co.jp/articles/c023e6bd53f4dca2dc71c73f4a50f21cabaca352
20,米国でAI関連職種の年収ダウン　中国では安定して増加傾向に,https://news.yahoo.co.jp/articles/c661dff09fe5545ff1ca89f8270d45cde2bf92b6
21,＜挑戦者2022＞「じゃがいも１袋」を正しく栄養素に変換　シルタスのアプリはなぜ“買い物するだけ”で食事管理ができるのか,https://news.yahoo.co.jp/articles/303a7bd94d88aed21a374a3dad1a89d7db26363a
22,Orbital Insight に聞く、宇宙から見守る持続可能なものづくり【伊東せりか宇宙飛行士と考える地球の未来#4】,https://news.yahoo.co.jp/articles/49dcbf7cd35b12a83deee66d5e93ee0f64898604
23,採用につながりやすい高需要の開発者スキルは？,https://news.yahoo.co.jp/articles/f6df0e398544e78fbff6350857681b3dfbbdf2d0
24,会議、講演を高精度でラクラク文字起こし　グーグルのAIスマホ「Pixel 6」,https://news.yahoo.co.jp/articles/bf18a7f5e17c2b66f6dd8bc2c1d7dde75f29ea75
25,WATCHA、映像＆音楽＆ウェブ漫画を一気に楽しめる「WATCHA 2.0」を今年リリース,https://news.yahoo.co.jp/articles/d2eba5cfcb6dd4e09dca12f13a7d58ce1555e14a
26,目的地はスマホ任せ!? 「旅の行き先」アプリが提案 日産が独自開発した「トラベルトリガー」とは,https://news.yahoo.co.jp/articles/4f844ca9e77ce9e408dafce54daacf1dc630bcc7
27,共有により人生の体験を増やすボディシェアリング《玉城絵美さんインタビュー》【未来を創る発明家たち】,https://news.yahoo.co.jp/articles/5ef9fa8432dee0cb8fa7f63d5e84beaeea73f685
28,ウイスキーを嗅ぎ分けるAI「NOS.E」　銘柄や産地などを95％の精度で識別,https://news.yahoo.co.jp/articles/f80df121441754aba81b5143b034d3d3cf5b7187
29,今日から君もラッパーに！　カメラで写した猫も楽器もAIでラップ化　「Giorgio Cam」でテンションUPだ,https://news.yahoo.co.jp/articles/b2f3580697028bcd857346ebc670124e61caf38e
30,“30分配送”がさらに進化、中国スマート物流事情。2社が共同で生んだ秀逸な仕組み,https://news.yahoo.co.jp/articles/9958ab773163ca7ac85548f23b08a52c6857bb69
31,日産、「NAVITIME Travel」で行動データを元に好みに合う旅行先や立ち寄り先を提供する「トラベルトリガー」サービスの実証実験,https://news.yahoo.co.jp/articles/9b616d2866514a2a6233a5bb6c4b7d39cece3929
32,日産自動車が独自開発の提案機能による「トラベルトリガー」サービスの実証実験を開始。ユーザーひとりひとりの好みに合う旅行先を提案,https://news.yahoo.co.jp/articles/91b455a4cae9420482963e0d6ab94b9ce89d7a65
33,「VOICEPEAK」と「CeVIO Pro」、 新しい音声・歌声合成製品はどこがすごいの？　商用可能でMac対応でほぼ人間,https://news.yahoo.co.jp/articles/eebcc1fa250b97f4d4de78b459029913f5557c7e
34,ナビタイム×日産、NAVITIME Travelで旅行先や立ち寄り先を提案するサービス,https://news.yahoo.co.jp/articles/aa033d678244f2a4cad6c1ef03c7fa4f5c0c7ba2
35,ユーザー好みの旅を提案、日産「トラベルトリガー」サービスの実証実験開始,https://news.yahoo.co.jp/articles/6905171d1bd8777193dca010092e59d31497e71a
36,AWS Summit学生向けコンテスト「DeepRacer Student League」,https://news.yahoo.co.jp/articles/8ea924b703e308ec36fd5e4ed5345c2bf609c4e9
37,Qアノンの“Q“の正体が判明か。研究チームが背後にいる2人を名指し,https://news.yahoo.co.jp/articles/e18816c0549299e3a5dbd84d738f55858a43e22d
38,「レスポンシブルAI」「AIライフサイクル」など、AIとデータに関する5つの未来予測,https://news.yahoo.co.jp/articles/c2ead2e558ed294639a4c5875cd8aab32c6b193b
39,進歩がすさまじい「機械翻訳」、その理由をトップ技術者に聞く,https://news.yahoo.co.jp/articles/48e7d4bf1711e1530d240d1a863ac985ab49f088
40,仕事や権利の剥奪、兵器の反乱や暴走…AIは「脅威」なのか？,https://news.yahoo.co.jp/articles/5c2305307a0f622f44e8522838058dae814154b6
41,「カンニング不可能」と言われる中国のオンライン入試はどう行われているのか。新型コロナを乗り越え、いち早く成長を果たした決め手は14億人総動員の「人海戦術」だった,https://news.yahoo.co.jp/articles/66d47831782ae68015e0b12595082d922aa55e55
42,「偏光情報」を活用できるレンズが、スマートフォンのカメラをもっと賢くする,https://news.yahoo.co.jp/articles/db68e35f63e221ceea4526321650c361c39250d2
43,安全な自動運転の実現へ！　自動車用AI開発が抱える難題とは何か？,https://news.yahoo.co.jp/articles/5ae91324da32fa14307bdf92e195e8c50a7ccceb
44,F5、新たなクラウド基盤「F5 Distributed Cloud Services」を発表--社名変更にも言及,https://news.yahoo.co.jp/articles/63772a161bd68c419dda726ababd48ecc0ca167b
45,YouTube、偽情報対策を強化へ--他サイトへの拡散防止など,https://news.yahoo.co.jp/articles/b704899d5b8fb5fd0304c5b3626c7b3bf635f736
46,「現場での作業」も、リモートワークになる時代がやってきた,https://news.yahoo.co.jp/articles/ab2f025164088bb93f1e57ae8bc07730bc2d6e60
47,優秀な人材は既存の人事評価には表れない。日本企業の強みを生かした「デジタル人材」の育成方法とは,https://news.yahoo.co.jp/articles/50d604e9f73e658cca45562ff75ba98edc582384
48,“6nmプロセス化”だけではない！　AMDがモバイル向け「Ryzen 6000シリーズ」の進化を力説,https://news.yahoo.co.jp/articles/a18a6bd0100ee7c0aae589dfad2089f11f4c8074
49,SK hynixがPIMを開発、GDDR6にアクセラレーター統合,https://news.yahoo.co.jp/articles/af11329f5ac3cf40b913e13c76637332608a402b
50,AWS、コードレビュー自動化の「CodeGuru Reviewer」に新機能--Log4Shellに類似した脆弱性検出,https://news.yahoo.co.jp/articles/e7186b9ea7bb2a8601e6eb5a2b311f72bacddc29
51,ツイッターCEO、「数週間」の育休取得へ　休み中は幹部と連絡も,https://news.yahoo.co.jp/articles/474afe8606e609ccdd660b48d38d9e1f782295f4
52,ソニー、“耳をふさがない”穴あきワイヤレスイヤホン「LinkBuds」25日発売,https://news.yahoo.co.jp/articles/f6536f8429a6a1281b7af3e359ce9fdd30b6d404
53,Ansys 2022 R1がAWS対応…デジタルツイン時代のシミュレーション環境へ,https://news.yahoo.co.jp/articles/9011fad993d3ebce595d7cf0b0ba8587045f7c63
54,写真を抽象的なスケッチに変換するAI　対象物の本質を最小限に表現,https://news.yahoo.co.jp/articles/a031d6e7d525f36d5a8eb6ba66f07946c4666d4b
55,「ギルド」からオープンソースまで--Bloombergのイノベーションを支えるエンジニアリング,https://news.yahoo.co.jp/articles/aeab50b5469faf01eee7f1e1e2f5e43270ac000e
56,「オンライン」と「リアル」がリンクする――ソニーが語る“耳をふさがない”ワイヤレスヘッドフォン誕生の背景,https://news.yahoo.co.jp/articles/d4292ee91e96d9ad1292ce5cba6d4491edb180ea
57,ソニーから“穴の開いた”ヘッドホンが登場！　「LinkBuds」が革新的になるかもしれない理由,https://news.yahoo.co.jp/articles/652b744beaba3c5265b08fac5ddfc7062860f44a
58,ソニー、穴あきドライバー搭載の“ながら聴き”完全ワイヤレス「LinkBuds」,https://news.yahoo.co.jp/articles/29aef98ab9fb125c06e838186db8439ed45ebfc1
59,ソニー、ドライバに“穴があいた”新スタイルイヤフォン「LinkBuds」,https://news.yahoo.co.jp/articles/3a5a643a1855d0f61ea56f9ef0cf37b6612f5d79
60,オンデマンドで再プログラム可能なICチップ、AIの継続学習を可能に　米パデュー大学などが開発,https://news.yahoo.co.jp/articles/1e71a8799f3b09d64ac261c6ba5047ed34692bd5
61,アンシス、バッテリEVや自動運転向けの新機能と機能強化を実装した「Ansys 2022 R1」リリース,https://news.yahoo.co.jp/articles/05755b9eb2808e0596781ceb4a18b994bb9ef8b8
62,シミュレーションソリューションの最新版「Ansys 2022 R1」の注目ポイント,https://news.yahoo.co.jp/articles/1ee12201ef0d350a05eef2134b879a75159e8610
63,Kubernetesの利用が拡大、エッジなど最先端の用途で高い活用率,https://news.yahoo.co.jp/articles/7a7450cc119bd4531d06587c762717da5ce588c9
64,ドライヤー中の通話でも、相手に騒音が聞こえない！　雑音を排除するiPhoneの便利機能がスゴすぎた,https://news.yahoo.co.jp/articles/654cdbd8e577b62c319246804e0fbda2d30ef7df
65,AIが生み出す不平等を、「アルゴリズムによる修復」は解決できるか,https://news.yahoo.co.jp/articles/a801d16038fb123ac3117ae80947e528e1fb96d9
66,NEC X、Eコマース向けコメント分析を提供するAIスタートアップ企業「Exponential AI」を設立,https://news.yahoo.co.jp/articles/656fad77eb046ade0e357e9118f1eab9f12ebb56
67,AMD、競合Xilinxの約500億ドルの買収を完了,https://news.yahoo.co.jp/articles/57b18b30269d9f47035280232b21822e29bbd8b8
68,AWS、第3世代「AMD EPYC」搭載EC2インスタンス「C6a」--コンピュート集約型ワークロード向け,https://news.yahoo.co.jp/articles/82d139b6b49eb3a6f60b7893cd9bfedec481fedf
69,iPhone活用術｜写真に「キャプション」をつける方法,https://news.yahoo.co.jp/articles/ac2554eb3121bc028b951665d7f96976c50352ac
70,データサイエンティストの需要が急増--競争力を維持するには,https://news.yahoo.co.jp/articles/6d73088fbe93e3ca81f3cb7f2244dc001ee1bed7
71,テック系職業が半数を占めた「米国のベストジョブ50」,https://news.yahoo.co.jp/articles/037901a464b6cea2494f07c5fc7980ea83a0025f
72,Googleが認めた次世代セキュリティ企業Salt Security、評価額14億ドルに,https://news.yahoo.co.jp/articles/de0ac48d67e79c4b255d8db5cb26768dd17604f6
73,「グランツーリスモ」で人間を破ったソニーのAIは、自律走行車に進化をもたらすか,https://news.yahoo.co.jp/articles/29630f2917ce5eabb1a3d4391ea51ec8dcd98af6
74,史上最大規模の「宇宙の地図」が、ダークエネルギーの謎を解き明かす,https://news.yahoo.co.jp/articles/4731bd19ab50baf7414a1770a62d6897f29067ab
75,Twitch、ポリシー強化でセックスやドラッグ関連のユーザー名は3月1日までに改名するよう警告,https://news.yahoo.co.jp/articles/04f7955b35226eed1657b9a1c8a695680b19cd07
76,XR手術にアバターが立ち会い。NVIDIAがAIやXRを活用した医療DXを紹介,https://news.yahoo.co.jp/articles/56d8c6033cac9e3990189693dd8da71a5d92d397
77,FB副社長・ヤン ルカンの語る「機械学習に求められている課題」,https://news.yahoo.co.jp/articles/8ba77d2f5117190fe28b25f5541ba446507a4275
78,iPhone「ボイスメモ」の見逃せない10の便利機能,https://news.yahoo.co.jp/articles/11e46bc1d4302f20aa3aab08f9e086b169334881
79,AIは男女関係にも効く？　アルゴリズムで恋愛、夫婦関係を制御,https://news.yahoo.co.jp/articles/1747082b348beb486fbccde0498ac551fe526275
80,孫正義氏も驚きのアプリ　20歳起業家が合成したAI音声、声優やタレントの声も登録,https://news.yahoo.co.jp/articles/d91a7cde05dc5b6ecf002bb83deba2b1fdb9e12a
81,iOS 15の「声を分離」機能が「これはすごい」「超便利」と話題に　ドライヤーを使いながら通話しても気付かない驚異のノイズキャンセル性能,https://news.yahoo.co.jp/articles/bfa7203a12c891c998609898a6c3b0e691ac9362
82,サイバーセキュリティへの関心高まる--O'Reilly「2022年テクノロジートレンド」,https://news.yahoo.co.jp/articles/b3663ba80ea62ea067f853d645013ec7231a121f
83,地上で撮った写真の場所を空から特定、精度は85.6％　NEC開発　災害救助などに活用へ,https://news.yahoo.co.jp/articles/43cb5cdfed886823cfce4350f06fb51e1a450efb
84,レッドブルF1、アメリカのソフトウェア大手『オラクル』とタイトルスポンサー契約を締結,https://news.yahoo.co.jp/articles/0c4df28661c043db8cf857e0d3a84c82339bc828
85,ソニーAI、自立型エージェント「グランツーリスモ・ソフィー」。世界王者を破る成果も,https://news.yahoo.co.jp/articles/814861dac71c2b5868a2985ed751616f634450ce
86,レッドブルF1「シミュレーションの回数1000倍、速度10倍」レース戦略、エンジン開発、コスト削減などオラクルの技術をF1でフル活用,https://news.yahoo.co.jp/articles/a2dc2698f87b4c21441aef1f2cb83f503c0a5919
87,ITプロフェッショナルが今磨くべきスキルとは--AWSのラーニングプロダクト責任者に聞く,https://news.yahoo.co.jp/articles/52bc6dc34b0430db870a96d722eb43d1dc2fb833
88,【F1新車】王者レッドブル、新チーム正式名称は「オラクル・レッドブル・レーシング」,https://news.yahoo.co.jp/articles/e56ebee76bcc6519c72afb119c91a3170c650409
89,iOS 15.4で可能になった「マスクでもFace ID」顔認識AIはどこまで進化する？,https://news.yahoo.co.jp/articles/70945d3a9317705969ed9955d8534c17b4792693
90,MFS、住宅ローン審査AIが瞬時に判断--「住宅ローン提案サービス」を自動化,https://news.yahoo.co.jp/articles/e68d27ddd75f7ac4748bb1b4a3b7e4236e406832
91,意図しないタッチを98％以上で判別　常に指を置いたままタイピングできるタッチスクリーン,https://news.yahoo.co.jp/articles/89831a87020735902e8cb37e5ff71bb3fbc3b925
92,マクラーレンF1のスポーティングディレクターなどを務めたサム・マイケル、FIA安全委員会の委員長に就任,https://news.yahoo.co.jp/articles/d8b3b6a43fd103fe4e983029693fc5227e5391f6
93,マッチングアプリ経由の詐欺被害増加　相手をどう見極めればいいのか,https://news.yahoo.co.jp/articles/e9c096c7a58e94d3284ede1f2d803fa6ec793389
94,北京五輪ジャンプ男子NH、小林陵が金 強さの秘密「富岳」が解き明かす,https://news.yahoo.co.jp/articles/4907d08573105d1c4f7746d9f1ec707b076a4b3b
95,昨今の企業不祥事を振り返って,https://news.yahoo.co.jp/articles/04da3c0c5d2bfde99e438d71343e4e48af27172c
96,クラウドインフラ支出が500億ドル超、AWSやMSが依然シェア上位--2021年Q4、Canalys,https://news.yahoo.co.jp/articles/40fbbb8aa3231b559c798e31dacd9bcad707d0b3
97,新型コロナの臓器損傷、世界最高輝度のX線が明らかに,https://news.yahoo.co.jp/articles/6b8624bdead7ef6c1cd16734a856968617657ef0
98,ASMR≠バイノーラル録音！YouTubeで人気の「知られざる音の世界」とは,https://news.yahoo.co.jp/articles/6c3bed29845d119bc69a75000c4e628e4af84080
99,中国が狙う世界の国民データと諜報活動,https://news.yahoo.co.jp/articles/9e9c97505dd61a451aa83ce6050803292516b18b
100,「ルンバ j7+」は日本の住宅に向くロボット掃除機,https://news.yahoo.co.jp/articles/1818b611e845364486539ab543edd7d0d1ee1382
101,【3993】PKSHA Technology AIアルゴリズム開発の雄 SaaS事業が着実に成長,https://news.yahoo.co.jp/articles/6250479214648d35c1b050b79599de524e02400c
102,新型ロボット掃除機「ルンバ j7/j7+」は「避ける」が得意技…写真と動画でチェック,https://news.yahoo.co.jp/articles/106d0cd56bac3d444042dc7eeda3b7f60bec0b87
103,「大いなる学び直し」革命へ　それこそが人材危機の打開策だ,https://news.yahoo.co.jp/articles/210394cbb9a5b71b890e1d4f3a83c3f0274fe512
104,アルピーヌ、5年以内に勝てるチームを目指して……ルノーの”AI技術”が武器になる？,https://news.yahoo.co.jp/articles/4ad3b8fbc01a056843d482971389d865491d2f10
105,Googleがクチコミの仕組みについて公表、機械学習と人が管理して24時間体制でサポート,https://news.yahoo.co.jp/articles/3344ff3d281ed0f99b41e6f039eed1a835c93d3c
106,「デジタルアレルギー」が日本企業のDXを阻む！組織改革のプロが治療法を伝授,https://news.yahoo.co.jp/articles/ad8cb7d45b6acd5a46573b66c9fee518a38a962a
107,作った歌詞を歌ってくれるカシオトーン登場　革命的な進化を紹介,https://news.yahoo.co.jp/articles/641b961d90f09006db43390a1ab3afd0838a1104
108,GRスープラがハンズフリードリフトに挑戦！自動運転は今、ここまで進化した。,https://news.yahoo.co.jp/articles/5e48e3866c88520b8f66ff024677be1a9b16752f
109,マツダ、自動車のモデルベース開発にAI活用--環境負荷の低い自動車開発を加速,https://news.yahoo.co.jp/articles/b3392ba82848827f184faa42bf2a084715ecd21e
110,DATAFLUCT、機械学習と外部データを組み合わせサプライチェーンを最適化する「Perswell（パースウェル）」提供開始,https://news.yahoo.co.jp/articles/ad078ee0ec243856bd3914c0982b13df59b3c6ac
111,「アメリカでも若者の車離れ」自動車会社の岐路,https://news.yahoo.co.jp/articles/601fe1903b83a76d3d7f487d260ef04685eef050
112,Webブラウザで影絵遊び　AIとカメラで手の形を認識、影が動物に変身――お題コンプリートは難易度高し,https://news.yahoo.co.jp/articles/b6bd632a14ed5330626115b47944028b91b0d0d6
113,Googleアナリティクス4はいつ導入すべき？ 旧GAとの違い・利用メリットを小川卓氏が徹底解説,https://news.yahoo.co.jp/articles/c511bdac6d111aede1f195317b8919f00237b3f1
114,データ分析のクラウド化を進めるテラデータ--ユーザーが望むのはマルチクラウド,https://news.yahoo.co.jp/articles/fc12518259f07eec90f01590c118e4fb55ec7c34
115,広角カメラを使って障害物を効率的に回避――ロボット掃除機「ルンバ j7／j7+」が日本上陸　2月10日発売,https://news.yahoo.co.jp/articles/320f10f2c9e747e6266120e8c6f53afdfbb0ab81
116,ペットのうんち、吸い込んだら新品交換　新しいルンバはAIに自信,https://news.yahoo.co.jp/articles/9b32dd4e770db1f60e9511ceeabefa8d734bfc76
117,今なおスマホのカメラに足りないと思う「2つの機能」　2022年の進化を占う,https://news.yahoo.co.jp/articles/3fd31972eb9fe099192f0a91f641c4d13b11011e
118,TSMCの5nmプロセス採用したヘテロジニアスAIプロセッサ,https://news.yahoo.co.jp/articles/d5e6a432e08898364fe8517105687e16a7f4beb9
119,ITエンジニア「35歳定年説」は過去のこと！？…「40歳以上」ITエンジニアの採用が右肩上がりで上昇,https://news.yahoo.co.jp/articles/2db46f6e48988b38edca9546c460b9133d67c4c6
120,EC事業者が押さえておくべきInstagramの最新情報＆自社サイトへの誘導を増やすための3ポイント＆広告活用を解説,https://news.yahoo.co.jp/articles/d1aa3a191f1de366249dd47336c4de7cd804c1d0
121,日本のビジネスの中枢を動かすデータサイエンティストの仕事／Gruff 代表　原田 博植,https://news.yahoo.co.jp/articles/6fb8f03b4e93c001519514c9f16831ef87c8d5d0
122,マイナビ、ソフトウェア開発事業を展開するベトナム企業「NALS」を買収・子会社化　ITエンジニア不足解消に貢献,https://news.yahoo.co.jp/articles/a5fd5a763394157ecbe5aaf7d327e613377c387a
123,Akash Network（AKT）、クラーケンに上場,https://news.yahoo.co.jp/articles/f7e7fbe6b7303f2066a4e9d810fa617535751ebd
124,「ThinkPad X1」が採用したFPGAとエッジAI向けソリューション,https://news.yahoo.co.jp/articles/b7969a6175d7ecf7549f625ee4cd8552c4da4cb1
125,Apple ATT 実装後も続く、 Facebook の高需要：ティヌイティがレポート発表,https://news.yahoo.co.jp/articles/f7847e20e0b73b399f98c7ad238e0a6f44d22952
126,インドの優秀な人材を効果的に--インスタリムのエンジニア採用の実際,https://news.yahoo.co.jp/articles/90a6bb976bffa9956f38dcfb767295524144cdd4
127,自動化で1200万人の雇用が失われる可能性？リスクの高い職は--欧州,https://news.yahoo.co.jp/articles/8fa86f33e75fafa842829567336450deae5b72f1
128,アメリカで急成長中の仕事トップ8［2022年版］,https://news.yahoo.co.jp/articles/7e2bc9d7c84a1eeaf641fe29fb0abe37e0eebfdb
129,量子コンピュータは何がすごいのか？　NASAとGoogleが世の中の空気を変えた,https://news.yahoo.co.jp/articles/eb1dace704e97b2d29d68f858f25c542a5560cc1
130,ロボットが支援なしでブタの手術に成功--米ジョンズ・ホプキンズ大学,https://news.yahoo.co.jp/articles/5947791d1fe9209ffeb5f0be9df74c8824c64c4a
131,ＳＫハイニックス、第4四半期は大幅増益　供給網は下期に改善予想,https://news.yahoo.co.jp/articles/61b3ea419e868cae8d6483ecbf5f5ef648855447
132,AI／ML向けプロセッサアーキテクチャ、処理能力は最大1200TOPS,https://news.yahoo.co.jp/articles/2322f119d0b48efae2139d3e88f3c7ea12104e45
133,AIアナ、八戸テレビが“採用”　県内初、情報番組を担当,https://news.yahoo.co.jp/articles/ce85a20d1030b28f2f137e076487519144d1fda9
134,上場から4年、PKSHAが「業態の進化」に自信を深めるワケ,https://news.yahoo.co.jp/articles/0f08e7c04e3a7db7b9e927be2943cc5d036e456c
135,「伸びる株の3原則」から考える、GAFAM以外の米国注目銘柄,https://news.yahoo.co.jp/articles/40583192c0d7564bb1eae01907daefcd0eecc9e8
136,PC版『DEATH STRANDING DIRECTOR’S CUT』3月30日発売決定！購入済orこれからオリジナル版を買えばお手頃価格でアップグレード可能,https://news.yahoo.co.jp/articles/4958b805f03212107bbc0ddcbb3ce7396ae886e3
137,歌声を奏でるキーボードがカシオから登場　スマホから入力した歌詞通りなめらかに歌う,https://news.yahoo.co.jp/articles/dff3abf74d4229ca99749940b7b6ca7a4bef72f0
138,【2022年のD2Cマーケティング】D2Cに移行していくBtoCとBtoBブランドなどトレンド予測＆成功するための重要ポイント,https://news.yahoo.co.jp/articles/70a44ea65ee3e0efc4dcfcbf3d6512b9ec795792
139,巨大IT企業は「倫理的な責任」追及から逃れられない…「忖度しない分析チーム」こそが必要だ,https://news.yahoo.co.jp/articles/7f6fb9f21b061a90e832db016400d29a94713f7c
140,レースの傾向からも面白い存在に！ 根岸SでAIが指名した注目の伏兵は？,https://news.yahoo.co.jp/articles/bf59315b7abc967c557d04d5065b4fd2ffdbe5b9
141,Google、脱Cookie技術「FLoC」開発を停止し、新たな「Topics」を発表,https://news.yahoo.co.jp/articles/c2a6101d898f20ab5a1ae3c226e6cab6bf286e51
142,AIの医療分野での活用には、まだ課題が山積している：新型コロナウイルス対策の利用事例から明らかに,https://news.yahoo.co.jp/articles/6707ee36555a4af6b9fbc1ef3495fe9e7e35b8b4
143,トンガ噴火に起因する神奈川県の「アラート多すぎ」事件に何を学ぶか,https://news.yahoo.co.jp/articles/8c48d0b7acc1c9a58e6c8a2510c9e311c32c9a14
144,2022年も転職市場は活況　採用ニーズが高まる分野とは　DX人材は引く手あまた,https://news.yahoo.co.jp/articles/67292d7c0751b94ddc52505d29f660192303a7cc
145,自宅でサバゲーを始める女性？ 「自サバ女」の解釈がネット界隈で大喜利状態に！,https://news.yahoo.co.jp/articles/2a235a2d1276f216a6ebd129b37de56ab91e127a
146,議会の最中にスマホをイジる政治家を検知するAI爆誕。動画と名前付きで本人にツイートしちゃうぞ,https://news.yahoo.co.jp/articles/e9bac8068a99677c9e76ff0a46659261a38e0700
147,公平なアルゴリズムは存在しないのか。日本企業にAI倫理が必須になるワケ,https://news.yahoo.co.jp/articles/41dda11fd187f25724599d42b430ee582dca8975
148,NFTにおける芸術と著作権侵害の狭間,https://news.yahoo.co.jp/articles/92f75fd981ad2cf22713734a3b3671b960c2778b
149,AIで消化器疾患の診断支援、米Iterative Scopesが170億円調達,https://news.yahoo.co.jp/articles/469182f2399212b676d11431022dced113c6298d
150,未成年者の年齢を推定するAI技術は、子どもに本当に「安全」をもたらすのか？,https://news.yahoo.co.jp/articles/85d8a119ad3217e7c15250720118907dd53d7e2f
151,クリエイターエコノミープロジェクト「CoeAvatar」、FiNANCiEでトークン発行,https://news.yahoo.co.jp/articles/843954187cf5f98bd40e9af1aaf8d093ec6e66be
152,Microsoft、「Windows 10 20H2」環境のPCに「21H2」を自動配信開始,https://news.yahoo.co.jp/articles/98ec482c3c70a0727e9c947976a0b6e22f9d2dd5
153,米アマゾン、初のアパレル店舗「アマゾン・スタイル」をLAに出店,https://news.yahoo.co.jp/articles/57f8765d906b246676378927d7abe8bfc7fb922d
154,「コロナ時代のアマビエ・プロジェクト」の集大成　展示「コロナ禍とアマビエ 6人の現代アーティストが『今』を考える」開催決定,https://news.yahoo.co.jp/articles/84698fdd4cdfde8b592b3a4d5499215428093b21
155,日本の文化を未来につなぐ 人のチカラと技術のチカラ──キラリと光る日本の技──,https://news.yahoo.co.jp/articles/c910c70d24383a67078c3705df242e128f00b0a6
156,人気薄でも強調材料アリで高評価！ AJCCでAIが指名した注目馬は？,https://news.yahoo.co.jp/articles/20d64c934da3c4f6e398edd1e9656bb45e4b346d
157,AIがあなた好みの服を選ぶ？米国ネットサイトが急成長の理由,https://news.yahoo.co.jp/articles/9f2ed1df7acba2a1177ff787899ba314c18ddd65
158,ITエンジニアが選ぶ、おすすめビジネス書・技術書ベスト10　翔泳社が発表,https://news.yahoo.co.jp/articles/164575a16a325105950ec25ac280dc884a49c4bc
159,タンパク質の構造を予測するAIが、「オミクロン株」の特異性を見通していた,https://news.yahoo.co.jp/articles/b719cd62ab131b0ed62c2681a16346e0803c7b8c
160,Pythonで不統一なExcelファイル繋ぐワザの神髄、シンプルな文法で書くプログラミングで効率化,https://news.yahoo.co.jp/articles/bd992e297b1e403e1c801ead90c015393e11b84d
161,米著名VCの2022年のトレンド予測を詳しく分類してみた,https://news.yahoo.co.jp/byline/shibatanaoki/20220118-00277860/
162,"未翻訳本から読む世界｜2041年のAIは「幸福」を最適化するか？｜Kai-Fu Lee, Chen Qiufan『AI 2041』",https://news.yahoo.co.jp/articles/18085c6667ea2e616578394043642dd47fbe0b08
163,デンソー、運転支援システム「Global Safety Packge 3」を開発へ…画像センサーとレーダーの組み合わせ,https://news.yahoo.co.jp/articles/eec76f100a906529eabda58ce1580be292f7b562
164,プロセスマイニングのCelonis新社長 村瀬氏に成長戦略を聞いた,https://news.yahoo.co.jp/articles/eac92041a2e37453d518f2d84b7be079b49368dc
165,日本の経済安全保障「防衛産業」の議論が欠ける訳,https://news.yahoo.co.jp/articles/a49a32ee657c8b577a14e65d17e894d74549a7a0
166,「求む！失敗人材」　ソニーがインターンで起業家に接近　農学・生物系学生にもアプローチ,https://news.yahoo.co.jp/articles/42ccd3b6d3aca07dd16c053d02c8896cba8c77c3
167,PCIe 6.0のとてつもない進化がこちら,https://news.yahoo.co.jp/articles/2d4545ad7223b55ffc8f039b8483a66b5cbf4332
168,20代のお悩み「やりたいことがわからない」→産業医「自分に興味向きすぎ？」,https://news.yahoo.co.jp/articles/53a9a206040fa0ef79b51533cd635e102018c291
169,NASAが採用のビッグデータ処理ツールLabelboxが評価額10億ドル突破,https://news.yahoo.co.jp/articles/9e07901866a955aec6dd12c7fc954d5a7f26cb03
170,NVIDIAが注力する車載AIとゲーム向けの新技術,https://news.yahoo.co.jp/articles/e2f8fd4d77825b295b69791f84cc2c4af72962fa
171,“ひとり開発”のAIで1日数千万件の広告審査を効率化　「AIは詳しくない」ヤフー社員が実現できたワケ,https://news.yahoo.co.jp/articles/6bfba6463342f138b79083982ccb2a933f79c7b4
172,「それ、うれしいか？」と困惑するしかないメタバース事例集,https://news.yahoo.co.jp/articles/790ff640a8a70e183aa8e7e69aadcfa2781415ed
173,ソフトバンクが2022年春頃から「迷惑SMS対策機能」を提供　Y!mobile／LINEMOブランドでも利用可能,https://news.yahoo.co.jp/articles/8dc485a2c8866699d50043001bcb177b1da36e14
174,今CO2排出量に無頓着な企業が将来直面するものとは？,https://news.yahoo.co.jp/articles/7c2c97db5c818a62f281f485c929a064b0c1ea12
175,昨年は3連単96万超えの大波乱！ 今年の日経新春杯でAIが注目したのは配当妙味のある人気薄,https://news.yahoo.co.jp/articles/72c59ff91f481e119a7b0b3758d00c15ae0e1e3e
176,ボッシュのソフト子会社が社名変更、エンジニアリング外しソフトウェア前面に,https://news.yahoo.co.jp/articles/b11d2a7bffecab0d85647f58f6b6a2e0217255c5
177,国内IT市場の鍵となる技術、市場トレンドなど主要10項目を発表,https://news.yahoo.co.jp/articles/ac4bb8fa51ad6e6270c8540bdf6a6e6a6baf6fc2
178,取り扱いソフトを簡単に利用開始できるGPUクラウドサービス,https://news.yahoo.co.jp/articles/8744a122e5cd971f9082b9eb588763c4fd4feb26
179,マーク・ザッカーバーグ、昨年5300億円相当の自社株売却　ほぼ毎営業日売る,https://news.yahoo.co.jp/articles/b18cb98b3fd6ba1476eec9186ee24383b158b817
180,ヤマト運輸が次の100年を見据えて取り組む、DXとデータ・ドリブン経営,https://news.yahoo.co.jp/articles/8798ab562fef006afa2f0175b865d80c722c3815
181,キャリアを前進させる意外な方法,https://news.yahoo.co.jp/articles/4474e2b3370fe220d2dfae8c70a815b1fb93d08e
182,医薬品で進む「モダリティの多様化」と世界的モノ不足のリスク,https://news.yahoo.co.jp/articles/79c77adf51e274adfbbc8b57d3da99b758cb30a1
183,約20日周期で謎の減光が起きる星、NASA観測衛星「TESS」のデータから発見,https://news.yahoo.co.jp/articles/22c5fc9ae3470c76eaa259f2bb45944026cffd4c
184,2022年のスマホはどうなる？　2万円台と超ハイエンドの二極化、フォルダブルに普及の兆しも,https://news.yahoo.co.jp/articles/123e5f8414fd59eedec193f597e9e3855f637d16
185,日給300万円の仮想通貨トレーダーが「資産65％」失ったワケ,https://news.yahoo.co.jp/articles/3003ae01d5c62fbb6827e4c933e6eae214e8bd0c
186,ドローイングとは何か？ PARCO MUSEUM TOKYOで鈴木ヒラク、村山悟郎、やんツーによる展覧会開催,https://news.yahoo.co.jp/articles/f4833a4305a427ec3daa046f5b0c4d4d80215e44
187,テキストから御朱印を自動生成するシステム、筑波大が開発　寺社1000カ所以上から御朱印収集、データ化,https://news.yahoo.co.jp/articles/6003ec498836eb872187b5f90582a108f71d96a4
188,OpenAI、文章から画像を生成する新モデル「GLIDE」　前モデルよりも高品質な画像を生成,https://news.yahoo.co.jp/articles/b62dfcc5e310a5af9cdc71e30bd3bd48c1c9e5a5
189,ジョジョのキャラクター風に顔写真を変換する「JoJoGAN」　1枚の画像からAIが学習,https://news.yahoo.co.jp/articles/70ef7bdeb76441bfc846179b39f4385aec6f12ed
190,＜CES＞TCL、98型でも8000ドル切りのQLEDテレビ。85型8KミニLEDテレビもアピール,https://news.yahoo.co.jp/articles/acd8a4eaca115ad6aac9763c5bf506af7bc5d917
191,『DEATH STRANDING: Director’s Cut』ついにPCに登場！Steam/Epic Gamesストア向けに2022年春発売決定,https://news.yahoo.co.jp/articles/4c4285ad0465e336d81ef4d564684637d0f1333f
192,ハイブリッド開催の「CES 2022」では何が発表される？ 注目すべき4つのポイント,https://news.yahoo.co.jp/articles/18f5878679bb9a2ef175b0c0e7aa298d8ebe7242
193,ディレクターズカット版『デススト』こと『DEATH STRANDING DIRECTOR’S CUT』のPC版が2022年春に発売へ。グラフィックスが向上し新たな追加要素も収録,https://news.yahoo.co.jp/articles/56304552cffae02a572aadb85a2e03ae5ae90fab
194,頭の形で個人認証できるヘルメット、立命館大などが開発　工事現場での作業員識別などに活用,https://news.yahoo.co.jp/articles/32ddbd1c0918f9e283648dae73abcfd8bf356e7c
195,Pixel 6は「2台目のスマホ」にぴったり　iPhoneユーザーが感じた便利さとは,https://news.yahoo.co.jp/articles/a384f93dd601bcd1df3e76ee8b76ae828b9461f1
196,LGのディスプレイ技術の開発力が凄まじい…次世代有機EL「OLED EX」を発表 #CES2022,https://news.yahoo.co.jp/articles/a2618b642b9efbc48cccb37d04a4f00b7f53766c
197,高専生ならではの着眼点 点字翻訳で社会を変える,https://news.yahoo.co.jp/articles/1d5e5e1f29b500b906f6aa85a63a069b9e627657
198,「ザ・ビートルズ」を8時間かけても今見る価値～「指輪物語の巨匠」のディズニープラス独占作品,https://news.yahoo.co.jp/articles/b9d17669c90cf4020aa57afd59ceb3d5122eef88
199,「急に儲かった」日給300万円・仮想通貨トレーダーの誕生理由,https://news.yahoo.co.jp/articles/c9c9b55c68d78ca195b46ad1a1dc6f4cca98cf04
200,専門家や経営者も「ノイズ」により、客観的無知を認められずに許容範囲を超えるミスを犯す【橘玲の日々刻々】,https://news.yahoo.co.jp/articles/04eea8d7671115300f73971f4b18a05e34a8b2ab
201,あらゆる電子機器が入手困難になった2021年、誰もが「半導体」の重要性を再認識させられた,https://news.yahoo.co.jp/articles/91dd6ef35448275daaf69837a60c2ce1b66dfd18
202,オンライン帰省や新年会で活躍！　iPhone以外でも使えるようになったFaceTimeの5つのお役立ち機能,https://news.yahoo.co.jp/articles/bb10b4fbd566ad3851e90e2573796ea2975b7d25
203,本当に「ネイティブ超え」をしたのか？　新ツール「ICAT」で検証するNVIDIAの最新超解像技術の実力,https://news.yahoo.co.jp/articles/bdbf0836dd8159af976dd62b5708b171e2f2b735
204,ついに発表！　2021年を代表するスマートフォンは？,https://news.yahoo.co.jp/articles/b5f274ac6ba9f6003d16ee6443425e916d9e8e9a
205,捜査令状で見えたグーグルの「児童ポルノ検出」の舞台裏,https://news.yahoo.co.jp/articles/cf220ced976a1898cc945daa235bcd503c43192e
206,20代、30代の「6割以上」が「転職」を“ポジティブ”に捉えている!? 求職者と企業マッチングの“今”,https://news.yahoo.co.jp/articles/ed7b669650350fb72606e098923386cf682ca2ef
207,プーチンに国営化された男の告白。ロシア最大AI企業が狙う世界戦略,https://news.yahoo.co.jp/articles/7bd16d62dc59ca260b0ebb8db52e7d9c7d8c3bf8
208,韓国BCカード、”ロボット自動化技術”で業務の所要時間が「94%短縮」,https://news.yahoo.co.jp/articles/7c16e0dd40ec7f133cb02ed2a78c7a891813374f
209,米不動産テック大手Zillowの大失敗に見るAI経営の教訓…「予測モデルの過信」「目標設定のミス」は他人事ではありません,https://news.yahoo.co.jp/articles/15c32b5c032979655219447513f43938d8767487
210,コロナ禍でAIのパフォーマンスが低下した業種、低下した理由,https://news.yahoo.co.jp/articles/4fe7b61f0f29f8524131ad67ad2e1883b2644487
211,ピーター・ティールが支援する「都市データ分析企業」Replicaの実力,https://news.yahoo.co.jp/articles/6737a5f0f45fdf7c3032b077e057313b92387da9
212,1000人単位で採用のアマゾンジャパン、職種も100以上　求める人材を人事担当に聞いた,https://news.yahoo.co.jp/articles/86d63113fe6b5878e1012c74e93a92d3bc5471c2
213,2021年、企業が無償公開した新人エンジニア向け研修資料　機械学習やゲーム開発、AWS入門、数学などさまざま,https://news.yahoo.co.jp/articles/66c8aa2aece01355e1d32a9ebb41f1ff4e529b49
214,最新言語モデルでも避けられない。AIにおけるジェンダー・バイアス,https://news.yahoo.co.jp/articles/f08f4ed6242d7dd407e7a102cad03fc90072bcc3
215,カード会社の不正利用対策は? アメックスのセキュリティ担当にインタビュー,https://news.yahoo.co.jp/articles/d61af631b1e685076bbb4518c72fb3bf581f29ee
216,音楽に感動したときの鳥肌を他人と共有するデバイス、慶應大の研究チームが開発,https://news.yahoo.co.jp/articles/1ab50c26b974660bc9d0e3628e86d4374ab0610c
217,今年の有馬記念は“順当”確定!? AIが抜擢したのはまさかの本命候補！,https://news.yahoo.co.jp/articles/9b2b97c97bc2aa14df26ec7b36edbaeb9ced2950
218,『ザ・ビートルズ：Get Back』、映像と音声の修復作業裏側を語る特別映像公開,https://news.yahoo.co.jp/articles/d083aebadccb9d05b25ba15fd6fdc610d2e20d7b
219,『ザ・ビートルズ：Get Back』、映像と音声の最新技術による修復作業を語る特別映像が公開,https://news.yahoo.co.jp/articles/f05b2d3300eda0ac7164aa49cdee9a1646c87aae
220,動く「機械学習帳」、東工大教授が講義資料を無償公開　回帰や分類のグラフをアニメーションに,https://news.yahoo.co.jp/articles/f5b1615c231082f4a018157bd3ebee55f227920c
221,MicrosoftとQualcomm、米国防総省のチップ設計に参加,https://news.yahoo.co.jp/articles/8e940d1b00f8973ed09fac1c6cdc7022bb123621
222,ビートルズお蔵入り映像修復の裏側とは？ピーター・ジャクソン監督が明かす,https://news.yahoo.co.jp/articles/09011631f9f88f0c54fbe01dddcfcac7e3b259f8
223,旭化成のDX戦略は展開期から創造期へ、全従業員4万人がデジタル人材に,https://news.yahoo.co.jp/articles/b3cc6351385b87ea484e9245f368d1c550dec1ea
224,Edge Impulseが3400万米ドルを調達、評価額が3倍に,https://news.yahoo.co.jp/articles/e7845f787db25ebb423ab7dc2b1364e5aaea427b
225,「CXL」ベースのアクセラレータープラットフォーム,https://news.yahoo.co.jp/articles/47ddae7ddf6b125682d8f67ff49c9b54fd090308
226,サブスクいらず。Pixelmator PhotoがiPhoneにもきたぞ～,https://news.yahoo.co.jp/articles/8d3a911ab4a981da74a8e1c571c9359180b8679e
227,米フォーブスが選ぶ、2021年版「フィンテック50」,https://news.yahoo.co.jp/articles/3c3ce60cfb7e7825cb95fc7ec8fb8161739fd6a4
228,人手不足を背景に、人事教育制度の変革に乗り出す米小売業界,https://news.yahoo.co.jp/articles/5d44719d0d33d6ecaac75d72fbee0e54f4605337
229,次期Pro Display XDRにカスタムシリコン搭載の噂…って、なんのため？,https://news.yahoo.co.jp/articles/67135a7791323bc0fd80e6ff3f930308e1d8980c
230,JDSC、東京証券取引所マザーズへ上場,https://news.yahoo.co.jp/articles/9abc868b86f802b872c5d83f5eafeb07d23effa8
231,セプテーニが「ポストCookie時代」の計測基盤ソリューション「Precog Base」提供,https://news.yahoo.co.jp/articles/dfe79300d47df11881c57746f6b37a3d670f235a
232,グーグルのAI研究大型投資など、オーストラリアで加速するAI・量子コンピューティング投資,https://news.yahoo.co.jp/articles/1651d78b171af2062a94f5d19025af353141d7e9
233,次世代型データウェアハウスとは何か,https://news.yahoo.co.jp/articles/9df03bbf5f3497e435329816b3df7fdab1d04bcc
234,天の川銀河の巨大ブラックホール「いて座A*」これまでで最も正確な質量の推定値を算出,https://news.yahoo.co.jp/articles/5d0f6045cc271612e1101f267cbf2e37102ba51e
235,変化の激しい時代を生き抜く人材を育成　経済学部、経営学部の教育改革最前線【変わる大学】,https://news.yahoo.co.jp/articles/fe8bffa48a60192973ea26447e840cf6a344e348
236,着衣のままで誤差1.5cm。身体採寸テクノロジーで等身大の世界を実現するBodygram,https://news.yahoo.co.jp/articles/84c77f97670664cc14ab6f43c8105c1ec7d1c2bb
237,日給300万円を「投機」で稼ぎ倒す匿名仮想通貨トレーダーの謎,https://news.yahoo.co.jp/articles/0e55e180cef724959fb7951cc52fe25b666c0df1
238,テキストだけで、AIが3Dモデルを自動生成　米Googleなどの研究チームが開発,https://news.yahoo.co.jp/articles/36b25d546f437dafddb568d9c16b4d47c49c2885
239,12月24日上場！サスメド（4263）の実力診断,https://news.yahoo.co.jp/articles/2bcef92400e658fb7f8eda6d16de30e36d85523a
240,装着者の作り笑いを見抜く眼鏡型デバイス、慶應大やNTTが開発,https://news.yahoo.co.jp/articles/ea0bdb310d84de72b3cea3c5e7d0654a55795bec
241,お腹が減った魚、泳ぎ方でわかる。「持続可能な水産養殖」への挑戦の裏側に迫った,https://news.yahoo.co.jp/articles/0435086e0dfcfe17474ae91bedc4a8a8860f65bb
242,異常検知ソリューション「Impulse」に人手作業の自動分析アプリが追加,https://news.yahoo.co.jp/articles/97b6ed5600f19e2be63d55551c3a6be566d4ba39
243,アルペン、ECサイトのレコメンドエンジンに「ZETA RECOMMEND」を導入,https://news.yahoo.co.jp/articles/fd89f0b9bbcb8156e65cb970ce56e086215a05a5
244,AIが判断した根拠を一般ユーザーにも分かるように明示、三菱電機と理研が新技術,https://news.yahoo.co.jp/articles/c7e787dd35f087c3ae23bf9db809bebbd1ce33d9
245,スマホで簡単にYouTubeサムネ制作も　Adobe Creative Cloud Express発表,https://news.yahoo.co.jp/articles/165bc6cbd501376fb145201d385f74ddf3ccc7d6
246,艦隊を指揮する軍艦・旗艦と指揮所(11)指揮所あれこれ、宇宙やサイバーも,https://news.yahoo.co.jp/articles/ef31dea527f5756b09eafe1ba2402c73396c61b2
247,最大時速40kmの自動運転ドローン　未知の環境でも障害物を認知し、飛行,https://news.yahoo.co.jp/articles/d61726d94dead248776d8e1681b4c8c323d5a013
248,ユニセフがNFTアートオークション開催へ、収益を世界の子どものデジタル格差解消に,https://news.yahoo.co.jp/articles/c59df2a39c8266b46f78ea9cf39c6290988decd0
249,"ユニセフ、最大規模1,000点の「NFTアート」オークション実施　収益は子供の学習支援に",https://news.yahoo.co.jp/articles/7b0234d00b10981b20a6a5460400a834086c3436
250,細胞がモノづくりする「スマートセルインダストリー」、島津と神戸大が実証開始,https://news.yahoo.co.jp/articles/884a4462d1660429288db2fc018d08c8cd046af2
251,Spotifyはなぜ的確な楽曲を届けてくれるのか　パーソナライズ機能の責任者に聞く,https://news.yahoo.co.jp/articles/069953d34096f3c5c7b97b8e7a77a7cc90318c3e
252,日々の業務をリスキリング　学び直しの年末年始に　すきま時間に効率学習,https://news.yahoo.co.jp/articles/6c5f488f2f2aa3ddf59040e4e92d59d854e3fa4a
253,ツイッターの新CEOはインド出身37歳の理系エリート、技術的課題と経営課題で手腕に期待,https://news.yahoo.co.jp/articles/c9d7211aadb7f9b4f7ab870ca258f24f1462ab1b
254,Googleフォトの疑似3D機能「シネマティック・フォトス」、今度は背景がもっと動くように,https://news.yahoo.co.jp/articles/7688a286c084f4c5120b2336cbb582bb31bc969e
255,リセラーとして戦略協業、キヤノンITSが米エクストリームのパートナープログラムに参画,https://news.yahoo.co.jp/articles/32f3bc3b2c6bff6ad27fdbab99e92347c1ed696e
256,Facebookは「進化したAI」で、世界中の“危険なコンテンツ”を監視できるか,https://news.yahoo.co.jp/articles/23c6260444af71daed1eb41c5a8f47fb1e8ff702
257,ロボットによる倉庫の自動化が加速しても、人間の仕事は（まだ）奪われない,https://news.yahoo.co.jp/articles/47054d17495131909b36a8cfcffc65fca27a36e8
258,存在しないスイス人科学者、中国がねつ造か　偽アカウント600件...武漢説めぐり,https://news.yahoo.co.jp/articles/ebdd64987c8cbf11302ed2d6978727ca2434363a
259,プログラミングで社会課題を解決！ 天才キッズたちの熱きプレゼン大会,https://news.yahoo.co.jp/articles/8d48d636542a8d8a07aee03992e5379d596a27dc
260,世界のM&A【ドイツ・オーストリア・スイス】パンデミックが促進した「テクノロジー統合」のすごい効果,https://news.yahoo.co.jp/articles/8bda678a6414be5b6612c3df50e14be87a869179
261,もう自動運転と言ってしまっていいのではないか？…マツダCO-PILOT CONCEPT 2.0,https://news.yahoo.co.jp/articles/5b7ff30c3cbc0c323865938066c7b7297ed7d50c
262,マツダ CO-PILOT CONCEPT のテストドライブ同乗…1.0と2.0の違いは？［動画］,https://news.yahoo.co.jp/articles/17bb01d6ac424fd0283c1236fb77f37eb88b49f3
263,ソニーの最新技術イベント「Sony Technology Day」。ゲームから産業、地球環境まで“テクノロジー”を幅広く活用,https://news.yahoo.co.jp/articles/5cbc79325f0199d3c8dfdc07f88a8cbfd08a3b59
264,使いたくなる！ iPhone「メッセージ」アプリの驚くべき便利機能16選,https://news.yahoo.co.jp/articles/ba466c2ba509aab5987fe64429f5c33b3a758f48
265,どうすれば子どもに「プログラミングが楽しい」と思ってもらえる？→「自由にやってみよう」よりも「自分でもできそう」という気持ちが大事。ロボットトイ『toio™（トイオ）』はプログラミングへの苦手意識を持たせない、入り口として最適な“おもちゃ”だった,https://news.yahoo.co.jp/articles/057e3652bdde2e403abe5bd1ea173654bc230808
266,データの「偏見」を可視化するPythonライブラリの真の価値とは何か,https://news.yahoo.co.jp/articles/e08b46899cfcfc97ba4ae6ca8749aec6f89be471
267,ダイナミックヘッドトラッキングに仮想空間オーディオ化、iOS 15の音楽視聴体験の進化がスゴい！,https://news.yahoo.co.jp/articles/83b3d8f69fe919a2deb2c343d32bab0f3af16e8e
268,週末セール情報ひとまとめ『バイオミュータント』『サガフロ リマスター』『Back 4 Blood』『DEATHLOOP』他,https://news.yahoo.co.jp/articles/831e6f1a9a60f6c87db1838c4ff91e1f269cdb73
269,クアルコム「Snapdragon 8 Gen 1」発表、AI・カメラまわりを徹底強化,https://news.yahoo.co.jp/articles/5f4b4f4ed5aeb3074e62bdfe3c724d4834b639d2
270,【期間限定無料】非対称対戦『Dead by Daylight』機械学習パズル『while True: learn()』Epic Gamesストアにて配布開始,https://news.yahoo.co.jp/articles/dc697aa97ef0872854e1a1c2f94643ae0bbd1f27
271,AIで数学の新たな定理発見　英DeepMindと数学者がNatureに共同論文,https://news.yahoo.co.jp/articles/9adbd0488f0d23409cf871a65c5f8b68807968d7
272,日本HP、視線や瞳孔サイズなどもスキャンできる開発者/企業向けVRヘッドセットソリューションを発表,https://news.yahoo.co.jp/articles/9ce88e8db420a26db06987eb8db0ee5e93b703ad
273,ビッグデータ解析の真打ち登場！　研究者が起業したデータブリックス,https://news.yahoo.co.jp/articles/779c6377a41f64f42a2ee2c78638d1d7f891a648
274,2021年に最も売上高成長を果たす半導体メーカーはAMDか,https://news.yahoo.co.jp/articles/40b266f284abdfe97cdb3f49322e6bb3a8c98284
275,画像鮮明化＋エッジ推論で異常検知を簡単に,https://news.yahoo.co.jp/articles/b99263941016d2b13fe73d9a160a52ca3ada9d24
276,ツイッター新CEO、知っておきたい5つのこと,https://news.yahoo.co.jp/articles/5873df7014169b25d2c7469d45936abc76d0366b
277,【F1特集】レース戦略はどのように決められる？　アンダーカット、オーバーカットとは？,https://news.yahoo.co.jp/articles/db7df1b28daba9a9bcb1bf8c3dce4e8a9efc81ca
278,AWS、ノーコード機械学習サービス「Amazon SageMaker Canvas」提供開始,https://news.yahoo.co.jp/articles/b7a87d972110d7cf35930f97e44d4b47c425633b
279,クアルコム、次期旗艦モバイルSoC「Snapdragon 8 Gen 1」発表。aptX Losslessに対応,https://news.yahoo.co.jp/articles/c54cc8263fa1248b5177d0368a120885fd557cf9
280,Twitter創業者のジャック・ドーシー氏がCEO退任。後任はパラグ・アグラワル氏と発表,https://news.yahoo.co.jp/articles/4d4d739c8f48e193cccdd5dd8eb1d29d9e863d50
281,デジタルツインに進出するAWS、自動車データのクラウド集積でも一手,https://news.yahoo.co.jp/articles/e417164e0c4b3f22cb0a165b193fce0dac0949d4
282,110万年前の火星隕石、火星の出所を推定する驚きの方法が発表される,https://news.yahoo.co.jp/articles/dd03dcaa268f608d16dd53a11d95ef0d3ae3f99e
283,Twitter CEO退任、なくてはならないインフラ化で大切だった転換点,https://news.yahoo.co.jp/byline/taromatsumura/20211130-00270487/
284,富岳がスパコン性能ランキングなど4部門で4期連続世界1位を獲得,https://news.yahoo.co.jp/articles/cfb4ca6a94cb9a9ce4bcf563aee3400ceb1afa02
285,Twitter、ジャック・ドーシー氏がCEOを辞任　「Twitterは創業者から離れる準備ができた」,https://news.yahoo.co.jp/articles/4934398374f265bcdf92c21f4abbf3ba3c618b3d
286,ツイッターの新CEOはインド系37歳、機械学習とAIの専門家…ジャック・ドーシーがCEOを辞任,https://news.yahoo.co.jp/articles/8638356fb28a1358ff03eda6f1ab6561088a0c0a
287,DWG互換CADの最新版「BricsCAD V22」の強化ポイントと注目機能,https://news.yahoo.co.jp/articles/571874af0cc99c890a72920dadabf76d40d44f60
288,ニューロモーフィックコンピューティングが切り開くエッジの可能性,https://news.yahoo.co.jp/articles/574491a10116925c094a04a5da09607bb3c19b48
289,ポケモンGOのようなゲームを、多くの会社が作れるように……NianticがLightshipを公開,https://news.yahoo.co.jp/articles/90e9a07c3b26aace466b817a58525a48577c32e3
290,Google Pixel 6/6 Pro をiPhoneユーザーが試してみた,https://news.yahoo.co.jp/articles/988a5ffd6e7a80d1892b2052e0b18c9c330fdb27
291,機械学習を使った画像編集がすごい ── Google Pixel 6/6 Pro をiPhoneユーザーが試す2,https://news.yahoo.co.jp/articles/f37fb1bb1931769cdc7d6f7dcbaf01f6b301f0b9
292,意思決定の質とスピードの向上へ、米SASが「SAS Viya」のオープンソースユーザーへのサポート拡大,https://news.yahoo.co.jp/articles/7a55342b8ba16b1cd0400fcf9aeaccf856b9f750
293,Google Pixel 6/6 Proの翻訳機能はiPhoneユーザーから見ても羨ましい,https://news.yahoo.co.jp/articles/22d0787e651f21b4742e0f392cc6dc7ee7c9acd1
294,新幹線の“座席濡れ”検知　専用カメラ開発　JR東海、機械学習活用,https://news.yahoo.co.jp/articles/a71e5492736c49bdc2f51886ca95a0a8091f98dd
295,就活のお供は「魔法のスプレッドシート」と「インターン」,https://news.yahoo.co.jp/articles/8bdcc4ef6a2e5ddfbb919e7058785f48b1e3b674
296,Google×がん研有明病院　AI活用 乳がんマンモ検診研究でタッグ,https://news.yahoo.co.jp/articles/2e4dafe574f8ea4910caff96d3bcf27dfd3cec1d
297,好決算で株価急上昇、「AIアルゴリズム」ベンチャー銘柄,https://news.yahoo.co.jp/articles/17df63faa8d1261a0af813743378e0aeb261046a
298,天の川で10000個の新しい変光星を発見　市民天文学の活躍と期待,https://news.yahoo.co.jp/articles/fd70b9278882015959c8af4698704f0dd0ade910
299,"Facebookに2,000万ドルの商標権買い取りを持ちかけたスタートアップに勝ち目はあるか？",https://news.yahoo.co.jp/byline/kuriharakiyoshi/20211123-00269431/
300,Netflixが情報公開し始めた「ランキング」のエクセルデータをダウンロード・分析してみた…今オープンにする理由とは,https://news.yahoo.co.jp/articles/4badb145ce76b7b0a3701b0853945c612c167f43
301,経済的弱者を食い物にする「マイクロワーク」の正体とは,https://news.yahoo.co.jp/articles/3e389478d207b8cc262592d3026f0797316f7144
302,ジェフ・ベゾスの間近で学んだ「意思決定の極意」,https://news.yahoo.co.jp/articles/9844d15abf8835f1f245a03d0e970b3027e260c6
303,フェイスブックのようなSNSによる「アテンション・エコノミー」に対抗する方法とは?【橘玲の日々刻々】,https://news.yahoo.co.jp/articles/ecbab8018ee38a2ec48d578f11858da348b44dd4
304,機械には苦手でも人間には得意なこと、その力を育むものこそ「数学」だ,https://news.yahoo.co.jp/articles/9369720b86658b1be480c66dd2f8b87434e0de92
305,下水でコロナ感染者数を予測　東北大など、仙台で実験,https://news.yahoo.co.jp/articles/41a6c29e5cf296d090bf100461a890b5864fe6e4
306,UTEcon主催「データ駆動型社会とアカデミア」ウェビナーを開催,https://news.yahoo.co.jp/articles/3f2c8d38382569e4e88d1d1b3eab03684d4d17a7
307,トヨタの研究者が語る数理研究の事例、不完全なデータでも機械学習できるか？,https://news.yahoo.co.jp/articles/6e7d457af66453bf846b1b5024cec7076df20d48
308,「機械翻訳＝手抜き」は時代遅れ　次のブレイクスルーはいつか,https://news.yahoo.co.jp/articles/53d623083520abf3dfb8e5426c5bc2ff55b0ea97
309,地球に落下した火星由来の隕石、その一部の起源と思われるクレーターが絞り込まれた,https://news.yahoo.co.jp/articles/c8c6a2c3b9eeea91e11e04fe2f16ddf64731964b
310,グーグルの「Pixel 6」は、スマートフォンの基準を新たなレヴェルに引き上げた,https://news.yahoo.co.jp/articles/2d7d51a96d32fe62d7ad7c135498c15ebdec2a1f
311,劇的進化の「機械翻訳」　背景にはAIと「良質な対訳データベース」,https://news.yahoo.co.jp/articles/79831c961c2b710ebd68624c54de9ab941aea5e5
312,未来のマーケティングは“AI”によってどう変わるのか？,https://news.yahoo.co.jp/articles/080686cf457cc757215961fda52f94ac52d32bbb
313,ソニー「Xperia PRO-I」実機の絵がすごすぎた…スマホの皮を被った「ソニー α」じゃないか,https://news.yahoo.co.jp/articles/2daea9fc55e993000db44ab5d1821652649baeb2
314,AI自動追尾や超低遅延配信など、ソフトバンクが「世界体操・新体操選手権」で活用した3つの技術,https://news.yahoo.co.jp/articles/3bc118a9de3a6148518a71acf0b5eafd597946b6
315,AIが運転手の話し相手に、オートバックスが車載機器開発で狙う需要,https://news.yahoo.co.jp/articles/b437b8db64d746b21333de1840eff35f3ca6f52c
316,Azure ArcはITプロフェッショナルのニーズに応えるもの - 米MS幹部,https://news.yahoo.co.jp/articles/12d1b448551cb4b7ef89ea9c29037312dad4763c
317,AIから認識されない服って？　「UNLABELED」が提示する監視社会の課題,https://news.yahoo.co.jp/articles/b7e854ec9aa5ba7daa2d2d96d16cbea37dbf0545
318,陸軍・海軍士官学校「未来戦」備え人工知能（ＡＩ）学科開設,https://news.yahoo.co.jp/articles/59c93db2d1e9dcb71e0446896b3f01c1e0eace00
319,Google Pixel 6 徹底レビュー - Google独自チップ「Tensor」の実力を検証,https://news.yahoo.co.jp/articles/cb35e2b6f55afb51fcc78f8c7bd8fc33ebf8f6bc
320,V6のベストアルバム『Very6 BEST』がオリコンデイリー1位を獲得！ “木”の特別ページもオープン,https://news.yahoo.co.jp/articles/a880aa2eb3098f4b54566c04b265e05e53590575
321,V6、ベストアルバムがオリコンデイリー1位を獲得,https://news.yahoo.co.jp/articles/2238cc5b460fb7169e1272511f0a601524865cf0
322,Photoshopいらず？ 写真から不要なものを削除できる無料ツールがすごい！,https://news.yahoo.co.jp/articles/d4e93c1ab0f4c436219df014a8dfb4a9851b86c9
323,「Pixel 6」と「iPhone 13」を徹底比較！ 見るべきポイントは？,https://news.yahoo.co.jp/articles/8e2d51d36523025416012d77561cb2afb3a9596b
324,【猫好き必見】「にゃんトーク」の開発元は何者？実際に使ってみた,https://news.yahoo.co.jp/articles/671ed556afe8e5d250d9b66dd7ff9d37430c4e1c
325,動画の人物に笑顔やヒゲを後付け！ アドビが驚きの次世代技術をチラ見せした「Sneaks」,https://news.yahoo.co.jp/articles/f97410494dd5c560afe9ef65bd5b988e070f9265
326,変化の激しい時代を生き抜く人材を育成 経済学部、経営学部の教育改革最前線【変わる大学】,https://news.yahoo.co.jp/articles/eb5bfa1ac80f1519a0c175a7a563943a318c1179
327,Adobe MAX 2021開催。GAFAより強大かもしれない、クリエイティブの盟主のメッセージ,https://news.yahoo.co.jp/articles/db33a766cc258dbbeea284bd1dbbd1b076e01aea
328,ソニーの 新カメラスマホ「Xperia PRO-I」実機レポート…プロに振り切ったアクセサリーの本気度,https://news.yahoo.co.jp/articles/0433a6b9b206696517506593e0315afb00686a64
329,アドビが「Adobe MAX 2021」でAIによる「Adobe Creative Cloud」の強化など発表,https://news.yahoo.co.jp/articles/0390203e7f1590191efd7103968968b410732f2e
330,Google Pixel 6 徹底レビュー - Pixel 6／Pixel 6 Pro共通の機能をチェックする,https://news.yahoo.co.jp/articles/a1f185f479ad6ae4d78a28fa32669826f0153acf
331,GoogleのAI技術を詰め込んだ「Pixel 6」は何がすごい？　ついに電話も人工知能が応答,https://news.yahoo.co.jp/articles/103cb41300c56bb3d79d592f2e542ad11bfa957a
332,グーグル「Pixel 6」速攻レビュー、最新機能盛りだくさんの“使える”5Gスマホ,https://news.yahoo.co.jp/articles/98391818b7fbf3406bcce80501829f4d5f2ec8fa
333,服飾大手Gapが買収したAIベンチャーは何が「すごい」のか…危機感はイノベーションの推進装置,https://news.yahoo.co.jp/articles/6e3542b4940d19f6f7063756570f8a731c1c8ed1
334,TwitterのAIに「右派推し」のバイアス その対策とは？,https://news.yahoo.co.jp/byline/kazuhirotaira/20211025-00264523/
335,記憶を映像化する技術の現在は？　『レミニセンス』が描いた世界は実現するのか,https://news.yahoo.co.jp/articles/d3f54ddfdad6b74e706f6e43a6c49f161bce70a0
336,フランスとイギリスのM&A最新事情…新興技術採用で、さらなる円滑化・加速化の見通し,https://news.yahoo.co.jp/articles/fae4ff6575d05607e2f8f09c281b05b0e74e4b8b
337,Google、新5Gスマホ「Pixel 6／6 Pro」。独自「Tensorプロセッサ」搭載、74800円から,https://news.yahoo.co.jp/articles/8c9e6ee39ade9fa1ec85e62ddcf91a245662bd15
338,グーグル独自チップ搭載「Pixel 6/6 Pro」が10月28日発売。2機種の違いはどこに？,https://news.yahoo.co.jp/articles/c9c078e5431d331a1e38ba4c3ee6cc476b860f0e
339,脱炭素社会に向けた大胆な取り組みを発表したTSMC,https://news.yahoo.co.jp/articles/5d719b1c219ff7ba2625c08cda0a4140687e9436
340,5つのポイントで知る、アップルの新型MacBook Pro 14インチ/16インチの全貌…「M1 Pro/Max」とは,https://news.yahoo.co.jp/articles/4d008ab006df3c37eb93017b641e19c707ab988d
341,10月26日上場！CINC（4378）の実力診断,https://news.yahoo.co.jp/articles/d8a645ed7cbfad48deea47cc7af3747694d1475d
342,アップル、次世代シリコン「M1 Pro」「M1 Max」発表。CPU/GPU大幅強化、大容量メモリ搭載で高速化,https://news.yahoo.co.jp/articles/a868297af30ff318c5b88a70d2e654bf1cb8bf03
343,新型MacBook Pro発表。「M1 Pro」「M1 Max」とミニLED画面採用、Touch Bar廃止で外部ポート大充実,https://news.yahoo.co.jp/articles/b1e1f911bd555a6c7555b9506b8318ce475265cb
344,具現化しつつある「作曲AI」。第一線で活躍する作曲家やクリエイターは時代の変化をどう捉えているのか？,https://news.yahoo.co.jp/byline/shibatomonori/20211018-00263596/
345,iOS 15にアップデートすべき？　「ウォレット」へ身分証明書の保存も可能に,https://news.yahoo.co.jp/articles/9db1b74f923ff4c7cfee0e7a5c2bb757b2b3af73
346,大学はブロックチェーンを使いこなせていない【オピニオン】,https://news.yahoo.co.jp/articles/589abd3b48af9eb1b645c2c1211ab70d579a2642
347,ピカソの有名絵画の下に別の絵が？　ついにその全貌が明らかに,https://news.yahoo.co.jp/articles/8a6cc321b801009a84eaf4a22991e43e60306759
348,データ分析って何したらいいの？ マーケターに必要な「データ活用７つの視点」,https://news.yahoo.co.jp/articles/6c78e7e04011a952853ff1b9ea2bb434119d3348
349,『鬼滅の刃』映像とセリフはどう視聴者を魅了したか？ ～視聴データが示唆する新シリーズのヒット～,https://news.yahoo.co.jp/byline/suzukiyuji/20211010-00262609/
350,「iPhone 13」と安くなった「iPhone 12」一緒に使ってみて分かったこと,https://news.yahoo.co.jp/articles/3ed6a1797326f4ccf7a228602f481caf3cc9a1b9
351,クリムトの白黒写真の絵画をAIがカラーで再現　Googleのプロジェクトの一環で,https://news.yahoo.co.jp/articles/00f1fe413834815b1fe155a67d9d19566b5fa146
352,「ギャップ」がスタートアップのAI企業を買収　テクノロジーへの投資を強化,https://news.yahoo.co.jp/articles/eebdedcff088ab59094d48214825dc9bbddb8d5f
353,ラブクラフトに影響を受けたローグライトアクション『Source of Madness』が日本語に対応。悪夢のような怪物がAIによって自動生成される世界描く,https://news.yahoo.co.jp/articles/f93fd451ec826ade1c258ff0424320c6b1f300a6
354,Google の脱ラストクリックアトリビューションは正解か？：必ずしも歓迎されているわけではない理由,https://news.yahoo.co.jp/articles/a6735ce95d4ff7c6849cf9b4578414e4d1550ee1
355,“次に来る”ノイキャン技術とは？ トレンドリーダー「深セン」に訊く,https://news.yahoo.co.jp/articles/fc94f827c4dbf0fe54ba7a80ea4bad7935f8c6c4
356,Google、新型スマートフォン「Pixel 6」を10/20 午前2時に発表,https://news.yahoo.co.jp/articles/a487aa52af2d970ec870e1262b6898598597c6af
357,グーグルが「YouTube」広告で日本特有の事象に特化した検出システム改善、55万件削除,https://news.yahoo.co.jp/articles/abce09ad57807cc403ac7d5e05fab7fcddad2604
358,人間の直感を信じる「ベイズ統計学」が科学者からdisられまくったわけ,https://news.yahoo.co.jp/articles/625bc44aed7ecd5815de72924f098385a7071d3f
359,AIは気候変動の敵か味方か 求められるデータの公共利用,https://news.yahoo.co.jp/articles/da9a1b03aa7dcdc9310b831ef6d3828d72d6c563
360,iPhone 13シリーズのシネマティックビデオについて,https://news.yahoo.co.jp/byline/taromatsumura/20210930-00260917/
361,AI活用が進まない日本の法曹界は世界から三流国と見なされる,https://news.yahoo.co.jp/articles/82bde418c3d1c62c62cd92ce858454d48ff19543
362,iPhoneカメラの強み、「ハードとソフトで連携して自社開発」にあり,https://news.yahoo.co.jp/articles/9ee528f1c1bf47bbab7dcbde7850a4a02cf06c98
363,セプテーニとDLPOが開発したLPOツール「SaiL」がCVR最適化の「Microscope」と連携,https://news.yahoo.co.jp/articles/fa0f5a9804a70658e7e08fd0dcd71ebb6195809b
364,iPhoneを朝まで充電しっぱなし、マズイ？,https://news.yahoo.co.jp/articles/1e7036a648a5b7de9bd0b6dfeb3f3856fe636225
365,三井化学が市況に左右されやすい製品の価格変動をAIで予測する実証実験を実施、NECと連携,https://news.yahoo.co.jp/articles/59aacfc3242e5dc1c2cf46e179df5ed3bcd3f96f
366,すべてが新しい「iPad mini」レビュー　実力は“小さなiPad Pro”,https://news.yahoo.co.jp/articles/37a77ef2dd95c65f5b0ec7b319862605910b5ca1
367,プライバシー保護機能に特化したおすすめブラウザ6選,https://news.yahoo.co.jp/articles/82c276009ed0b534330532b3f732f3d44e59ca5c
368,衛星データで災害対策から農業、環境投資まで後押し。増え続けるリモートセンシングへの取り組みとは,https://news.yahoo.co.jp/byline/akiyamaayano/20210923-00259651/
369,国連事務総長 自律型殺傷兵器に反対「データがどのように集められ、誰に、何のために使われているか不明」,https://news.yahoo.co.jp/byline/satohitoshi/20210922-00259558/
370,カメラ機能がMaxと同じになりマクロ撮影も追加、iPhone 13 Proが買い！,https://news.yahoo.co.jp/articles/96744a746ee8cb4c03699029cf748bf060eacc9b
371,クレカ不正利用対策強化を目的に、かっことユーシーカードが紹介パートナー契約を締結,https://news.yahoo.co.jp/articles/f50bfb3c9f7bed76355b97239add0bf80faba0f1
372,自動車業界の半導体不足、中古車市場にも影響…供給回復に向け「AI活用」に期待,https://news.yahoo.co.jp/articles/839a963f8be4ee63ddda18226326a4fa38e70576
373,軍事業界の最近のトレンド・ワード(19)Multi-INT,https://news.yahoo.co.jp/articles/54fb3ed4695514dafea7c14c35a42f3a59e41707
374,【アーティスト・長谷川愛1】科学技術の進歩は幸か不幸か。あなたは同性同士の出産をどう考えますか？,https://news.yahoo.co.jp/articles/66c12f9acdca4738432ed05b7b6127e420c7792c
375,革命の歌を聴いた写真が動く！ 映像作家・柿本ケンサクが新たな表現に挑む、展覧会『時をかける』に注目,https://news.yahoo.co.jp/articles/b3b8bb433f11e40c12f70e76541add0b27b037ee
376,トレジャーデータが法人営業を高度化する「Treasure Data CDP for Sales」を提供開始,https://news.yahoo.co.jp/articles/1f338d994ed59e5de670a8e34540c97469cf1777
377,Google Pixel 6・Google Pixel 6 Pro、2021年秋発売　新開発の「Tensor」搭載　発売に先駆けたキャンペーンも,https://news.yahoo.co.jp/articles/6f01e3c46570dd8ac8bd7ac0bba944e5ec9dce66
378,ソニーのAI予測分析ツール「Prediction One」にAPI機能、自社システムとの連携可能に,https://news.yahoo.co.jp/articles/ee363d30d4cf5cee42a7d7267ba8a4b3cbc9b718
379,「iPhone 13」のコスパが目を引く理由……アップルの意気込みは「動画」に,https://news.yahoo.co.jp/articles/e83fe46e53411d1092da737ece278e11db43f6ab
380,新iPhone・iPad・Apple Watch出た！ スペック・価格・発売日まとめ #AppleEvent,https://news.yahoo.co.jp/articles/058b0977c418cab060e9d5715a89c67b76192f1b
381,アップル、「iPhone 13 Pro／Pro Max」を9/24発売。ProMotionに対応、カメラも強化,https://news.yahoo.co.jp/articles/657bd249faa73d7313cb44c55b3480f490fe3549
382,iPhone 13 mini発表。小型サイズにセンサーシフト式手ぶれ補正、バッテリー持ちも改善,https://news.yahoo.co.jp/articles/413fd8901122437f5072ddb3649862ff76fea11d
383,「Apple Watch Series 7」発表。本体サイズ変えず大画面化／初の防塵対応,https://news.yahoo.co.jp/articles/d014afbcc569a70c317c8b3fa8a2a3e66188d55a
384,新型iPad mini発表。全画面デザインでUSB-CとApple Pencilに対応,https://news.yahoo.co.jp/articles/e5d730d4b924fbd3c6c62f436712c2b3e55b2ceb
385,ソニーCSL、“自分っぽいメロディー”を生成できる無料のAI作曲支援アプリ「Flow Machines Mobile」,https://news.yahoo.co.jp/articles/8a005920a585c66ecd65bfa8f778c233d05e5ab8
386,Pixel 5a (5G)レビュー - 前フラッグシップと並ぶ性能、でも高コスパ！,https://news.yahoo.co.jp/articles/ba674c9e9632c152411dcb125246de12dcab03f1
387,AppleによるiCloudの写真スキャン｜阻止する方法は？,https://news.yahoo.co.jp/articles/1d0c8a04cd9913a42f852c59c0f54dff5bad9cbc
388,真珠養殖の温度管理や害獣対策…地域産業を学生がデジタル化、連携のヒントは,https://news.yahoo.co.jp/byline/yukiigarashi/20210902-00256129/
389,Googleマイビジネスは集客に効くのか？ ユーザー行動を考えた施策で成果を出す,https://news.yahoo.co.jp/articles/eb6ac6078e0277d165f52cc6471a3d91c2cfa1a6
390,Shirofuneが「アドエビス」「Adjust」など各種計測ツールデータで広告運用最適化を提供,https://news.yahoo.co.jp/articles/5122b03b0c3f56ee4980eb520782ba0724d520ed
391,2030年の世界…長期投資家のための10の予測,https://news.yahoo.co.jp/articles/9c0151c302edd0e2fb4c99b403797c2518fa23c9
392,〈YouTube日本トップが語る〉DaiGo炎上、迷惑系YouTuber逮捕、災害報道、自宅学習支援……巨大化する動画プラットフォームの光と影,https://news.yahoo.co.jp/articles/ad7c94f777ceae76e8e4972837da8f5bf8f41b4f
393,どこへでも持ち運び可能！　3Dプリント製のマイクロハウスがリリースされる,https://news.yahoo.co.jp/articles/26816c4347e07682e425ca75b65257b96941c04e
394,【特別レポート】機械学習の手法を用いた、非上場企業の不正会計予測,https://news.yahoo.co.jp/articles/92a310df9614f5342e56da5d3cd031dd2a9deaaf
395,オランダのスタートアップ、マイクロソフトのAI技術活用して「浜辺のタバコの吸い殻収集ロボット」開発,https://news.yahoo.co.jp/byline/satohitoshi/20210818-00253867/
396,米国海軍幹部 情報戦を語る「戦場での紛争と同じように、情報戦も普段からの訓練がとても重要」,https://news.yahoo.co.jp/byline/satohitoshi/20210807-00251971/
397,「AIで儲ける」で65億円超「仮想通貨」詐欺犯　RIZIN格闘家「堀口恭司」「ミルコ・クロコップ」との関係,https://news.yahoo.co.jp/articles/ec87a429427bfd4b5146dc190207d9cb8805a352
398,Q. AI企業の決算からわかる、3つの成長ドライバーとは？,https://news.yahoo.co.jp/byline/shibatanaoki/20210729-00250336/
399,米国がファウンドリ1社のために補助金を出す議論を開始、ニッポンはどうする？,https://news.yahoo.co.jp/byline/tsudakenji/20210723-00249433/
400,怒るアマゾン「減らぬサクラレビューはFacebookのせい」,https://news.yahoo.co.jp/byline/kokuboshigenobu/20210717-00248236/
401,半導体を含めた日本の製造業を強化するならSTEM教育を!,https://news.yahoo.co.jp/byline/tsudakenji/20210628-00245086/
402,“非財務データ”の解析で意思決定に変革を　平瀬錬司さん「“いい会社や事業”が照らされる社会を実現する」,https://news.yahoo.co.jp/articles/7ad79e61d8190640699ffc19587ab0121da0a42a
403,EU競争当局がグーグル広告事業を正式調査へ、ツイッターはクリエーター経済に注力も売り上げ倍増なるか？,https://news.yahoo.co.jp/byline/kokuboshigenobu/20210621-00244072/
404,フェイクレビュー2億件、AmazonがSNSを批判するわけとは？,https://news.yahoo.co.jp/byline/kazuhirotaira/20210618-00243547/
405,アップル、次世代半導体「M2」量産開始へ　パソコン独自プロセッサー第2弾,https://news.yahoo.co.jp/byline/kokuboshigenobu/20210605-00241609/
406,数学の苦手な少年は、なぜ世界トップ級のAI研究者になれたか〈令和の開拓者たち:小津野将〉/伊田欣司――文藝春秋特選記事【全文公開】,https://news.yahoo.co.jp/articles/a6ff9fde7a0c379e351bbc85c9783cfc92c325c2
407,OPPOがHUAWEIを引きずり下ろしシェア1位に降臨 石川 温の「スマホ業界新聞」Vol.421,https://news.yahoo.co.jp/byline/ishikawatsutsumu/20210529-00240400/
408,フェイクニュースの収益化を後押し、ネット広告業界に「責任を取れ」,https://news.yahoo.co.jp/byline/kazuhirotaira/20210528-00240175/
409,Twitterがサムネの「AI差別」を認めた理由とは,https://news.yahoo.co.jp/byline/kazuhirotaira/20210524-00239251/
410,不可知性の時代――これからの長期変化を考える,https://news.yahoo.co.jp/byline/shibataharuka/20210517-00184495/
411,Google、イスラエルのテルアビブ大学と提携して「社会の利益のためのAI」研究,https://news.yahoo.co.jp/byline/satohitoshi/20210511-00237204/
412,『おバカな答えもAI（あい）してる　人工知能はどうやって学習しているのか？』ほか 『アマルティア・センの思想　政治的リアリズムからの批判的考察』,https://news.yahoo.co.jp/articles/f30501942aac306d9810fd097059d7114bbf97d1
413,シリコンバレーは時代遅れ？技術よりも「創造のエートス」に注目せよ,https://news.yahoo.co.jp/byline/endotsukasa/20210506-00236172/
414,アップルが米国に46兆円投じ拠点拡大、FBとスポティファイはアップル対抗で連携,https://news.yahoo.co.jp/byline/kokuboshigenobu/20210427-00234882/
415,当分解消しない半導体不足、日本の出番がきた,https://news.yahoo.co.jp/byline/tsudakenji/20210425-00234456/
416,ＡＩが水道管の破損確率を推計。経済活動が活発で人口集中する都市部ほど高い。リスクの高い区域もはっきり,https://news.yahoo.co.jp/byline/hashimotojunji/20210420-00233559/
417,日本マイクロソフトが通信事業者向けDXを提案 石川 温の「スマホ業界新聞」Vol.415,https://news.yahoo.co.jp/byline/ishikawatsutsumu/20210410-00232014/
418,アマゾンを標的、小売り団体が全米規模の連合結成、YouTubeの違反動画は視聴回数が3年前から7割減,https://news.yahoo.co.jp/byline/kokuboshigenobu/20210407-00231390/
419,Q. AI企業5社の決算から分かる、AI insideが前年比+196%と急成長できた理由とは？,https://news.yahoo.co.jp/byline/shibatanaoki/20210325-00229122/
420,コロナ禍で「産後うつ」増　ママの悩みＡＩ分析…解決へ行政と連携も,https://news.yahoo.co.jp/articles/8904667d17da0432ce4e790960b32f4b63272efb
421,生活習慣病を即座に見出すウェアラブル端末を目指して,https://news.yahoo.co.jp/byline/tsudakenji/20210308-00226173/
422,サイバーセキュリティーを担当する英情報機関がAI活用の指針を発表,https://news.yahoo.co.jp/byline/kimuramasato/20210225-00224469/
423,世界的経済学者に聞く、労働市場のマーケットデザイン【小島武仁×倉重公太朗】第2回,https://news.yahoo.co.jp/byline/kurashigekotaro/20210219-00223338/
424,ド近眼の人の眼鏡フレーム選択を容易にしてくれる特許について,https://news.yahoo.co.jp/byline/kuriharakiyoshi/20210215-00222746/
425,ディズニー、動画配信好調　会員9490万人、アマゾンは「フェラガモ」コピー商品業者を提訴,https://news.yahoo.co.jp/byline/kokuboshigenobu/20210212-00222227/
426,年初以降の株高＆中銀のポリコレ政策etc＝『平等に貧しくなる』のか,https://news.yahoo.co.jp/byline/kubozonohirotoshi/20210118-00218139/
427,アップルがインテルの性能を大幅に超える独自チップ、高性能パソコンで巻き返し,https://news.yahoo.co.jp/byline/kokuboshigenobu/20210109-00216720/
428,米国ハドソン研究所、戦争とAI技術のパネル開催「米国は中国やロシアとのAI技術の軍拡競争にも勝てる」,https://news.yahoo.co.jp/byline/satohitoshi/20210108-00216774/
429,どうしてダメな経営者ほど「イノベーションを起こせ」と言うのか？,https://news.yahoo.co.jp/byline/yokoyamanobuhiro/20210108-00216768/
430,Q. 新規上場した激安EC Wishの顧客獲得コストとLTVの比率は？,https://news.yahoo.co.jp/byline/shibatanaoki/20210107-00216390/
431,イケア23店舗が食品ロスを50%削減したAIツールとは？SDGs世界レポ（53）,https://news.yahoo.co.jp/byline/iderumi/20210103-00214977/
432,偽物を撲滅せよ！ アマゾンが打ち出した共同作戦,https://news.yahoo.co.jp/byline/kokuboshigenobu/20201225-00214512/
433,アフターコロナの時代に加速する「脳の資本主義」の行方,https://news.yahoo.co.jp/articles/69bc2554b26fc4de6221d462544b557c10082135
434,PVP - プロフェッショナル・ビデオ・プレゼンス,https://news.yahoo.co.jp/byline/taromatsumura/20201130-00210366/
435,Q. コロナ禍で広告ビジネスはどの程度回復してきたのか？GoogleとFacebookの決算詳細,https://news.yahoo.co.jp/byline/shibatanaoki/20201126-00209244/
436,Googleがカスタム半導体の民主化・自由化を推進,https://news.yahoo.co.jp/byline/tsudakenji/20201115-00207951/
437,Q. コロナ禍の特異点: SnapchatがYoY+52%も成長する理由とは？,https://news.yahoo.co.jp/byline/shibatanaoki/20201105-00206277/
438,Q. NVIDIAがArmを買収。NVIDIAとArmの売上言えますか？,https://news.yahoo.co.jp/byline/shibatanaoki/20201006-00201672/
439,中国を「敵」とみなした英国のアジア回帰政策　空母打撃群を極東展開へ,https://news.yahoo.co.jp/byline/kimuramasato/20201001-00200991/
440,コロナバブル崩壊でマスクより値動きが激しかったのは…　「在庫速報.com」運営に聞く,https://news.yahoo.co.jp/byline/watanabehiroaki/20200929-00200643/
441,米国海軍特殊戦コマンド、戦場でのAI活用について語る。非対称戦での勝利に向けて,https://news.yahoo.co.jp/byline/satohitoshi/20200826-00194991/
442,レーダー衛星画像でモーリシャス重油流出 被害の範囲を知る,https://news.yahoo.co.jp/byline/akiyamaayano/20200818-00193944/
443,テック企業の口車に乗るな 医療AIは危険でいっぱい,https://news.yahoo.co.jp/articles/0f0d8c307ceaacab838ba4b1abf02cd0e3eec4ba
444,社会科学系大学院でAI関連授業を開講してみた。,https://news.yahoo.co.jp/byline/suzukitakahiro/20200806-00191994/
445,Armビジネスを理解していない企業がArm売却をもくろむ,https://news.yahoo.co.jp/byline/tsudakenji/20200803-00191313/
446,世界の勝ち組VCが、「ブロックチェーン」に注目し続けるワケ,https://news.yahoo.co.jp/articles/8aae89fae1592390af32152b7314a20ba3bcef94
447,ビッグデータへの依存度は高まる一方 コロナ禍で加速する行動追跡、監視社会の脅威を忘れるな,https://news.yahoo.co.jp/articles/94aa440ecfbccec7348f6d10651c0d6c9389817a
448,Shopifyの成長要因は、1年間に獲得した顧客からの売上が●年後に伸びているから？,https://news.yahoo.co.jp/byline/shibatanaoki/20200710-00187378/
449,AIの差別をめぐり“AIのゴッドファーザー”が炎上し、ツイッターをやめる,https://news.yahoo.co.jp/byline/kazuhirotaira/20200707-00186826/
450,iPhone SE（第2世代）を実際に使ってみた,https://news.yahoo.co.jp/byline/ishikawatsutsumu/20200422-00174712/
451,アップルが「iPhone SE」の新製品を正式に発表,https://news.yahoo.co.jp/byline/ishikawatsutsumu/20200416-00173542/
452,スマート農業にも衛星データを活用、「山口県モデル」とは？,https://news.yahoo.co.jp/byline/akiyamaayano/20200410-00172567/
453,「Just Walk Out」Amazonがレジなし店舗システムの外販で訪れる未来の買い物,https://news.yahoo.co.jp/byline/taromatsumura/20200311-00167140/
454,＃がんばれ就活生|大混乱の就活市場で聞こえる「どうしたら？」に応える21就活で向き合うべき5つのコト,https://news.yahoo.co.jp/byline/yusato/20200229-00165365/
455,Q. BASEのショップあたりの取扱高はShopifyの何倍か？,https://news.yahoo.co.jp/byline/shibatanaoki/20200225-00164312/
456,アマゾン、米政府が「悪質市場」指定を検討中　はびこる模倣品、海賊版、粗悪品にどう対処する？,https://news.yahoo.co.jp/byline/kokuboshigenobu/20200118-00159356/
457,Facebookの「ディープフェイクス」対策の“抜け穴”に批判集中,https://news.yahoo.co.jp/byline/kazuhirotaira/20200110-00158254/
458,衛星データと機械学習で日本の漁業を持続的に。 フィッシュテックの挑戦,https://news.yahoo.co.jp/byline/akiyamaayano/20191224-00156214/
459,写真を撮られただけなのに。ディープフェイク技術で、簡単にヌード写真を生成される怖さ,https://news.yahoo.co.jp/byline/ohmototakashi/20191221-00155746/
460,吉野氏が化学賞「リチウムイオン電池」研究の歴史がつなぐ50年後のノーベル賞,https://news.yahoo.co.jp/articles/1fedff45f232b49bb6edcef1dc6324cbd63e576d
461,ロシア最大の検索エンジンYandex、完全自動運転のデリバリーロボットの試験運用を開始,https://news.yahoo.co.jp/byline/satohitoshi/20191203-00153520/
462,半導体オリンピックに見る日本半導体復活への道,https://news.yahoo.co.jp/byline/tsudakenji/20191121-00151648/
463,ソニー、2019年の国内半導体メーカーの首位に,https://news.yahoo.co.jp/byline/tsudakenji/20191118-00151159/
464,元国防副長官ワーク氏・シュミット氏：AIでの米中競争を語る「データ蓄積で同盟国の協力が必要」,https://news.yahoo.co.jp/byline/satohitoshi/20191113-00150544/
465,インド国防大臣「AI、ビッグデータ、ブロックチェーンが戦争のパラダイムを変える」,https://news.yahoo.co.jp/byline/satohitoshi/20191106-00149713/
466,ユーチューブはどんな違反を犯したのか,https://news.yahoo.co.jp/byline/kokuboshigenobu/20191104-00149554/
467,英EU離脱を問う総選挙が決まった翌日、ツイッターが政治広告を全面禁止　嫌がらせで女性議員3人が引退,https://news.yahoo.co.jp/byline/kimuramasato/20191031-00149035/
468,中国の77％、日本の29％の社員がAIを活用し、大半が上司より信頼している,https://news.yahoo.co.jp/byline/endotsukasa/20191028-00148573/
469,『我々は生命を創れるのか　合成生物学が生みだしつつあるもの』ほか 『人口で語る世界史』,https://news.yahoo.co.jp/articles/1aeaaa6769631f929dee6fcd87466c746fdf756f
470,「ノーベル賞」のその後（3完）生活を更新し続ける「化学反応」　スマホ画面や薬、未来の製品にも,https://news.yahoo.co.jp/articles/e674a841fcedee41ecf32dccf1b689508c369637
471,【9月のテック】iPhone 11とApple Watch Series 5の読み解き方,https://news.yahoo.co.jp/byline/taromatsumura/20190930-00144856/
472,Google、インドに初のAI研究所設立：社会課題解決のために,https://news.yahoo.co.jp/byline/satohitoshi/20190929-00144691/
473,アマゾンの顔認識、人の感情を読み取る技術が向上　新たに「恐れ」の検出可能に,https://news.yahoo.co.jp/byline/kokuboshigenobu/20190921-00143626/
474,Q. AbemaTVの目指す姿!? 動画ストリーミングRokuの売上成長率は?,https://news.yahoo.co.jp/byline/shibatanaoki/20190917-00142894/
475,デジタル化の謎が解けた、今後も成長し続けるアナログ半導体,https://news.yahoo.co.jp/byline/tsudakenji/20190916-00142657/
476,触ってわかった新型iPhoneの進化。著しく向上したカメラの画質と使いやすさ,https://news.yahoo.co.jp/byline/masakazuhonda/20190911-00142150/
477,総務省パブコメにアップルやクアルコムが辛辣な意見　石川 温の「スマホ業界新聞」Vol.336,https://news.yahoo.co.jp/byline/ishikawatsutsumu/20190824-00139664/
478,増殖を続ける巨大テクノロジー企業、アマゾンは高層ビル建設や海外雇用拡大を計画,https://news.yahoo.co.jp/byline/kokuboshigenobu/20190824-00138637/
479,生誕から20年、シーマンはAIになり得るのか?,https://news.yahoo.co.jp/byline/saitoyutaka/20190729-00136087/
480,長期契約ユーザーへの優遇も禁止する総務省にドコモが反論　石川 温の「スマホ業界新聞」Vol.333,https://news.yahoo.co.jp/byline/ishikawatsutsumu/20190727-00135946/
481,コンビニにズラり並ぶ「タバコ銘柄」その理由を考える,https://news.yahoo.co.jp/byline/ishidamasahiko/20190725-00135637/
482,ソフトバンクの5Gネットワークは2021年に完成　石川 温の「スマホ業界新聞」Vol.332,https://news.yahoo.co.jp/byline/ishikawatsutsumu/20190720-00135022/
483,MNOとMVNOを手がける楽天にNTTドコモが物言い　石川 温の「スマホ業界新聞」Vol.331,https://news.yahoo.co.jp/byline/ishikawatsutsumu/20190713-00134113/
484,対立深まる米中、日韓から見えてきた「武器を用いない安全保障」とは,https://news.yahoo.co.jp/byline/inouehisao/20190711-00133801/
485,7pay問題から考えるデジタル化、デジタルトランスフォーメーションという言葉に感じる違和感,https://news.yahoo.co.jp/byline/fshin2000/20190706-00133075/
486,高齢者事故が多発する現在、ＡＩ型自動車運転評価システムが高齢者を加害運転から救う,https://news.yahoo.co.jp/byline/torusaito/20190614-00129925/
487,InfineonがCypressを買収,https://news.yahoo.co.jp/byline/tsudakenji/20190604-00128767/
488,iPhoneとiPadのOSが分離。大画面やキーボード、ペン入力を加えた独自の進化へ,https://news.yahoo.co.jp/byline/masakazuhonda/20190604-00128689/
489,アップル『iTunes』をミュージック、Podcasts、TVの3つに分離することを正式発表,https://news.yahoo.co.jp/byline/shinoharashuji/20190604-00128686/
490,日経新聞『どこでも聴ける日経』でボイス業界へ参入 。Voicy社と共同で『もっと日経』の拡張版？,https://news.yahoo.co.jp/byline/kandatoshiaki/20190530-00127990/
491,ソフトバンクのヤフー連結子会社化。孫氏「俺は仕組んでない」石川 温の「スマホ業界新聞」Vol.323,https://news.yahoo.co.jp/byline/ishikawatsutsumu/20190511-00125659/
492,#今月のテック 2019年3月：Appleのサービス特化イベントで見える「4つの狙い所」（後編）,https://news.yahoo.co.jp/byline/taromatsumura/20190331-00120407/
493,本気で匿名性を保つために留意すべきこと,https://news.yahoo.co.jp/byline/hattamasayuki/20190326-00119651/
494,分離プランで新品スマホ販売減。中古スマホ市場は縮小へ？　石川 温の「スマホ業界新聞」Vol.316,https://news.yahoo.co.jp/byline/ishikawatsutsumu/20190316-00118463/
495,川上量生×松尾豊×井上智洋　50年後“AI人間”が生まれる　最前線の研究者たちによるタブーなき未来予測【全文公開】――文藝春秋特選記事,https://news.yahoo.co.jp/articles/ee4737d106e05103d2aca7bfb45beb2680ac5b84
496,就活ルールなき今求められる“一括り”にしない新卒一括採用,https://news.yahoo.co.jp/byline/yatsuzukaeri/20190228-00116336/
497,IBMのAIチップ開発エコシステムとニッポン,https://news.yahoo.co.jp/byline/tsudakenji/20190218-00115136/
498,企業のメディアとしてのTikTok【USパートナーシップ責任者インタビュー】,https://news.yahoo.co.jp/byline/gotoyoichi/20190124-00112116/
499,システムを差別化できるのは半導体チップ,https://news.yahoo.co.jp/byline/tsudakenji/20190111-00110781/
500,2018年AI動向：Google『AI利用に関する原則』公開：軍事・国際法・人権に反する利用を禁止,https://news.yahoo.co.jp/byline/satohitoshi/20181231-00109705/
501,#今月のテック 12月：コンピューテッドカメラへと進化するスマホのカメラ,https://news.yahoo.co.jp/byline/taromatsumura/20181230-00109615/
502,日本で「ユニコーン」と呼べるのは2社だけ ユニコーン企業が日本で生まれない理由,https://news.yahoo.co.jp/articles/608643703a6352c42a27e8ddb581be2a0d3719a5
503,ZOZOSUITとPBの失敗理由と対策について、前澤社長はアナリストにかく語りき（ほぼ全文記録）,https://news.yahoo.co.jp/byline/kumimatsushita/20181112-00103888/
504,#今月のテック 9月：10月26日発売のiPhone XR,https://news.yahoo.co.jp/byline/taromatsumura/20180930-00098846/
505,#今月のテック 9月：脱コンテンツでVR人口10億人を目指すOculus Quest,https://news.yahoo.co.jp/byline/taromatsumura/20180930-00098834/
506,#今月のテック 9月：Appleが発表した2018年モデルのiPhoneで分かった3つのこと,https://news.yahoo.co.jp/byline/taromatsumura/20180930-00098831/
507,「電王戦」「電王トーナメント」が将棋界にもたらしたもの,https://news.yahoo.co.jp/articles/3b0e8409de9819d29d31ea507345215011a20449
508,PayPalが過去3ヶ月に発表した4件のM&Aから見るFintech最新トレンド,https://news.yahoo.co.jp/byline/shibatanaoki/20180816-00093104/
509,スマホの次はスマートキッチン？テクノロジーが食を変える「 石川 温の「スマホ業界新聞」Vol.287,https://news.yahoo.co.jp/byline/ishikawatsutsumu/20180811-00092821/
510,Google、ナイジェリアでも無料Wi-Fi敷設：2019年末までに5都市200か所で,https://news.yahoo.co.jp/byline/satohitoshi/20180801-00091468/
511,Googleインド、鉄道駅の次はモール、カフェ、大学で無料Wi-Fi提供を計画,https://news.yahoo.co.jp/byline/satohitoshi/20180714-00089386/
512,【AIベンチャー】 アラヤ/シナモン,https://news.yahoo.co.jp/articles/30631d2858669746d861cc468170b73fed1f245e
513,インド国防省、軍事分野におけるAI活用のワークショップ開催,https://news.yahoo.co.jp/byline/satohitoshi/20180701-00087754/
514,インド政府とGoogle、AIを活用して洪水予測と警告発信へ,https://news.yahoo.co.jp/byline/satohitoshi/20180628-00087346/
515,ワールドカップの優勝国予想と物価予想の違い,https://news.yahoo.co.jp/byline/kubotahiroyuki/20180622-00086821/
516,「ワールドカップの優勝国予想と物価予想の違い」牛さん熊さんの本日の債券（コラム）2018年6月21日,https://news.yahoo.co.jp/byline/kubotahiroyuki/20180621-00086780/
517,外来「巨大ナメクジ」の出現を予測せよ,https://news.yahoo.co.jp/byline/ishidamasahiko/20180609-00086261/
518,迷惑電話「ロボコール」の未来を想起させる「電話をかけるGoogleアシスタント」,https://news.yahoo.co.jp/byline/taromatsumura/20180531-00085893/
519,Googleイスラエル、エイプリールフールに「味覚API」公開：人気料理フムスの好みがわかる,https://news.yahoo.co.jp/byline/satohitoshi/20180408-00083723/
520,言葉に意味があることをAIはわからない AI万能論のわなにはまらない（5）,https://news.yahoo.co.jp/articles/d03e3ebdc50e3b91dbdcc83e7c46c77cffbdaf77
521,一律初任給はもう古い？「新卒エンジニア」採用合戦が激化中。,https://news.yahoo.co.jp/byline/sakaikazuki/20180318-00082836/
522,Google、メキシコでも無料Wi-Fi「Google Station」提供：44都市60か所以上で,https://news.yahoo.co.jp/byline/satohitoshi/20180315-00082736/
523,EV、仮想通貨… いま気になる6大投資テーマ,https://news.yahoo.co.jp/articles/114879b444d3bbb447c07c767cb41908cef63c49
524,RCSは打倒LINEではなく打倒LINE公式アカウント 石川 温の「スマホ業界新聞」Vol.266,https://news.yahoo.co.jp/byline/ishikawatsutsumu/20180303-00082267/
525,株up＆down 千里眼ベンチャーの実力は？,https://news.yahoo.co.jp/articles/930e7acf207d124c27f9f64147bb40c42aa39515
526,ハードル1　日系メーカーは蚊帳の外 自動運転で先行する米中IT企業,https://news.yahoo.co.jp/articles/70a83c1532fe2da96f9fbf7bd7a0e100b2a78e29
527,ポルノ動画の顔部分を有名人と取り替える「フェイクポルノ」――リベンジポルノにも利用される恐れ,https://news.yahoo.co.jp/byline/tsukagoshikenji/20180301-00082117/
528,「五輪をデジタル化する」アリババのジャック・マーが平昌で明かした壮大な構想,https://news.yahoo.co.jp/byline/takaguchikota/20180215-00081629/
529,肥満対策や教育、犯罪防止で効果 米英発のナッジが世界に波及,https://news.yahoo.co.jp/articles/0c1824d8710972f9678d6a499071ba7840825c7e
530,超コンピューティング時代のインフラ データセンターはどこを使う,https://news.yahoo.co.jp/articles/e0a7c02afffed9545e73f000a1abe04a5977fd6f
531,Facebookの苦悩: 企業による投稿が表示されにくくする理由,https://news.yahoo.co.jp/byline/shibatanaoki/20180130-00080971/
532,Google誕生と、世界を変える三つの条件〜iPhone誕生物語(3),https://news.yahoo.co.jp/byline/enomotomikiro/20180128-00080972/
533,2018年はドッグイヤー,https://news.yahoo.co.jp/byline/tsudakenji/20180102-00080042/
534,グーグル、アマゾンに続きテスラも自前の半導体チップを開発,https://news.yahoo.co.jp/byline/tsudakenji/20180102-00080010/
535,【 2018年のテクノロジー（3） 】人工知能アレルギーと、メリットの享受の仕方とは,https://news.yahoo.co.jp/byline/taromatsumura/20171231-00079988/
536,【 2018年のテクノロジー（1） 】主要企業はどう動く？,https://news.yahoo.co.jp/byline/taromatsumura/20171231-00079962/
537,Snapdragon 845で来年のスマホを予測 　石川 温の「スマホ業界新聞」Vol.255,https://news.yahoo.co.jp/byline/ishikawatsutsumu/20171209-00079107/
538,新規事業を生み出す組織改革 「横パナ」で部門の壁を破れ,https://news.yahoo.co.jp/articles/19d89d82be2d0869e0a853cfa7c148c5f8da9005
539,独占インタビュー グーグル「最強AI」が作る未来,https://news.yahoo.co.jp/articles/7f198963e1d737e88b25378f9499dab6d9ecd235
540,ワイモバイルが12月から学割開始という奇襲作戦を展開 　石川 温の「スマホ業界新聞」Vol.254,https://news.yahoo.co.jp/byline/ishikawatsutsumu/20171202-00078833/
541,地方銀行は屯田兵？＆金利が上がると銀行は…etc＝金融危機から２０年を振り返って,https://news.yahoo.co.jp/byline/kubozonohirotoshi/20171113-00078065/
542,ブロードコムがクアルコムを1300億ドルで正式買収提案,https://news.yahoo.co.jp/byline/tsudakenji/20171108-00077919/
543,ロシアの検索サイトYandexの音声アシスタント「Alice」、強制収容所やスターリンを肯定し炎上,https://news.yahoo.co.jp/byline/satohitoshi/20171105-00077795/
544,iPhone Xか8か。実機から感じる決断のポイント,https://news.yahoo.co.jp/byline/masakazuhonda/20171101-00077636/
545,ハードウェアに注力するGoogleの新スマホのヒミツ,https://news.yahoo.co.jp/byline/taromatsumura/20171031-00077630/
546,どうやらAIやロボットが「仕事を奪う」のは、地方のほうが早い,https://news.yahoo.co.jp/byline/endotsukasa/20171027-00077435/
547,グーグル対LINEのスピーカー対決はグーグルが圧勝か 　石川 温の「スマホ業界新聞」Vol.246,https://news.yahoo.co.jp/byline/ishikawatsutsumu/20171007-00076647/
548,AI＋ハードウェア＋ソフトウェア : Googleの戦略示した #MadebyGoogle イベント,https://news.yahoo.co.jp/byline/taromatsumura/20171005-00076551/
549,ＦＲＢの静かな後退＆日銀リフレ派の分裂etc＝死んだ“奴雁”への幻想,https://news.yahoo.co.jp/byline/kubozonohirotoshi/20170925-00076153/
550,”さり気なく心地よく”。iPhone 8が織りなす調和に感じるアップルの凄味,https://news.yahoo.co.jp/byline/masakazuhonda/20170919-00075920/
551,AppleのiPhone発表イベント、米国時間9月12日午前10時から,https://news.yahoo.co.jp/byline/taromatsumura/20170901-00075214/
552,会話し始める音声アシスタントたち,https://news.yahoo.co.jp/byline/taromatsumura/20170831-00075184/
553,孫社長「Wi-Fiは不要」という暴論に業界団体が猛反論 　石川 温の「スマホ業界新聞」Vol.237,https://news.yahoo.co.jp/byline/ishikawatsutsumu/20170729-00073901/
554,マネーフォーワードがfreeeに勝訴：特許権を侵害するとは具体的にどういうことなのか？,https://news.yahoo.co.jp/byline/kuriharakiyoshi/20170727-00073804/
555,EU制裁金で純利益28％減少でも絶好調なGoogle：着実に進むAIファースト,https://news.yahoo.co.jp/byline/satohitoshi/20170726-00073751/
556,iPhone 10周年、これからの変化とは,https://news.yahoo.co.jp/byline/taromatsumura/20170630-00072725/
557,YouTube、Twitterなど4社で「テロに対抗するフォーラム」情報拡散で影響力あるのは動画,https://news.yahoo.co.jp/byline/satohitoshi/20170627-00072616/
558,偽ニュース対策を行うファクトチェック団体が発足、ガイドライン作成などを目指す,https://news.yahoo.co.jp/byline/fujisiro/20170621-00072352/
559,アップルCEO、自動運転プロジェクトについて認める,https://news.yahoo.co.jp/byline/kokuboshigenobu/20170619-00072262/
560,産経記事に民族侮蔑表現　｢読めば読むほど…｣憎しみ募らせたコメント多数,https://news.yahoo.co.jp/byline/yanaihitofumi/20170514-00070940/
561,インドの大学、Twitterでヘイトスピーチを検出するAI開発：根底にはカースト、女性差別,https://news.yahoo.co.jp/byline/satohitoshi/20170501-00070476/
562,アマゾンがAI機器でファッション市場を狙う,https://news.yahoo.co.jp/byline/kokuboshigenobu/20170501-00070428/
563,Facebook開発者会議F8で整理されたAR活用とプラットホーム化,https://news.yahoo.co.jp/byline/taromatsumura/20170428-00070366/
564,アンネフランク財団とFacebook、チャットボットでアンネフランクと対話できるサービス提供,https://news.yahoo.co.jp/byline/satohitoshi/20170402-00069388/
565,Google、有言実行「インド全国の100駅で無料Wi-Fi提供」残り300駅にも順次拡大,https://news.yahoo.co.jp/byline/satohitoshi/20161230-00066064/
566,文系・理系の区別はもう要らない,https://news.yahoo.co.jp/byline/tsudakenji/20161227-00065817/
567,Appleの自動運転車開発が明るみに出た背景,https://news.yahoo.co.jp/byline/kokuboshigenobu/20161212-00065317/
568,グーグルスマホ「Pixel」でグーグルアシスタントを体験　石川 温の「スマホ業界新聞」Vol.205,https://news.yahoo.co.jp/byline/ishikawatsutsumu/20161203-00065105/
569,間違いだらけの「ＡＩ（人工知能）やロボットで消える職業、なくなる仕事」,https://news.yahoo.co.jp/byline/yokoyamanobuhiro/20161128-00064881/
570,Facebookが大統領選挙を左右したか？「シェア」する情報も個人を表す,https://news.yahoo.co.jp/byline/taromatsumura/20161121-00064690/
571,AI研究者が問う　ロボットは文章を読めない　では子どもたちは「読めて」いるのか？,https://news.yahoo.co.jp/byline/yuasamakoto/20161114-00064079/
572,Google、AIが気流を予測する気球「Project Loon」ペルー上空に98日滞留に成功,https://news.yahoo.co.jp/byline/satohitoshi/20161002-00062802/
573,Google、インドで無料Wi-Fi「Google Station」駅からカフェやモールまで拡大,https://news.yahoo.co.jp/byline/satohitoshi/20160928-00062675/
574,AIと対話できるメッセージアプリ「Allo」：Googleが弱いSNS分野を再生できるのか,https://news.yahoo.co.jp/byline/satohitoshi/20160923-00062469/
575,欧州で広がるキュレーション・サービス　―視聴者の好みに合わせてニュースを発信,https://news.yahoo.co.jp/byline/kobayashiginko/20160920-00062274/
576,「最も美しい」や「最も楽しい」道順を提案する研究,https://news.yahoo.co.jp/byline/yazakiyuichi/20160918-00062320/
577,Googleが設置したインドの駅での無料Wi-Fi、200万人が利用,https://news.yahoo.co.jp/byline/satohitoshi/20160803-00060673/
578,AI小説や絵画などの著作権問題　考えられる課題と方向性,https://news.yahoo.co.jp/articles/39fe7b621902e6d4b4a2f37ca72e24a34f874f84
579,Google「Allo」発表：人工知能(AI)搭載でメッセンジャーアプリを再生できるか？,https://news.yahoo.co.jp/byline/satohitoshi/20160520-00057901/
580,あなたの予定をクラウドが決める日 - グーグルの人工知能（AI）研究開発 -,https://news.yahoo.co.jp/byline/kokuboshigenobu/20160418-00056730/
581,英国のアプリ会社「ジェイミー・ヴァーディは、まるでシンドラーのリスト」のつぶやきでネット炎上,https://news.yahoo.co.jp/byline/satohitoshi/20160402-00056101/
582,不良化する人工知能「Tay」と恋愛対象となる人工知能「りんな」の違い,https://news.yahoo.co.jp/byline/kandatoshiaki/20160331-00055946/
583,東芝2016年度事業計画説明会（全文1）新生東芝アクションプランの進捗など,https://news.yahoo.co.jp/articles/8229fa24ef779965f30fb31b27f4e59d16072af0
584,「アルファ碁」が世界トップ級棋士に勝ち越し　人間の「大局観」超える人工知能,https://news.yahoo.co.jp/byline/kimuramasato/20160313-00055372/
585,Google翻訳、サービス開始から10年：103言語に対応でネット上の言語99％をカバー,https://news.yahoo.co.jp/byline/satohitoshi/20160224-00054725/
586,ワトソン君とペッパー君の最強コンビ,https://news.yahoo.co.jp/byline/tsudakenji/20160219-00054539/
587,アリババまでが半導体に言及,https://news.yahoo.co.jp/byline/tsudakenji/20160127-00053809/
588,スマホで予防医学は日本でも成立するか　〜　クラウドで日本化していく世界,https://news.yahoo.co.jp/byline/fshin2000/20160111-00053309/
589,Googleの無償AIでやってくるミライ,https://news.yahoo.co.jp/byline/kandatoshiaki/20160106-00053140/
590,ウーバー症候群に対するIBMの答え,https://news.yahoo.co.jp/byline/tsudakenji/20151229-00052915/
591,GoogleがAIを活用したメッセンジャーアプリを開発中？：メッセンジャーは「情報の宝庫」で収入源,https://news.yahoo.co.jp/byline/satohitoshi/20151224-00052782/
592,Google、機械学習でメール返信候補を表示する「Smart Reply」：注力する人工知能,https://news.yahoo.co.jp/byline/satohitoshi/20151108-00051246/
593,北京五輪招致ソング「アナ雪」パクリ疑惑に対する疑惑,https://news.yahoo.co.jp/byline/kuriharakiyoshi/20150805-00048198/
594,Googleイメージ検索は類似マークの検索には無力である件,https://news.yahoo.co.jp/byline/kuriharakiyoshi/20150731-00048051/
595,ブラジル人と朝までビリヤードin浜松,https://news.yahoo.co.jp/articles/0f6837d23b5bb4a9b02608907a80316e0e3d861c
596,日本酒のラベル画像と銘柄データベースとITにおける実務能力を兼ね備えた技術者育成,https://news.yahoo.co.jp/byline/fshin2000/20150630-00047113/
597,Googleフォトで、もう写真のバックアップに悩まない,https://news.yahoo.co.jp/byline/taromatsumura/20150529-00046161/
598,サービスの転換期が分かる「Webサイエンス」が盛り上がる理由,https://news.yahoo.co.jp/byline/yukiigarashi/20150320-00044041/
599,転職エージェントは人工知能（AI）に代替されてしまうのか？,https://news.yahoo.co.jp/byline/suenagayuta/20150304-00043536/
600,今が最も面白い？ 将棋の「電王戦」15日から開幕,https://news.yahoo.co.jp/articles/47e36aae8b0a5d39a7fa059f6e53c58d3b8db832
601,ニュース要約サービスの未来は明るいか？,https://news.yahoo.co.jp/articles/318d057c3eb1f79c4ad81c892f3fd2ae8b421321
602,コンピュータと人。頭脳の対決。名勝負が続く将棋・電王戦,https://news.yahoo.co.jp/byline/hirabayashihisakazu/20130414-00024395/
