company_name,link
"
                    株式会社住建ハウジング
                    
",https://next.rikunabi.com/company/cmi0097294001/?leadtc=ngen_sgenlnk_cmpyarea
"
                    アフラック保険サービス株式会社
                    
",https://next.rikunabi.com/company/cmi0219936013/?leadtc=ngen_sgenlnk_cmpyarea
"
                    株式会社エイジェック
                    
",https://next.rikunabi.com/company/cmi1954011053/?leadtc=ngen_sgenlnk_cmpyarea
"
                    AIG損害保険株式会社
                    
",https://next.rikunabi.com/company/cmi3305875006/?leadtc=ngen_sgenlnk_cmpyarea
"
                    株式会社ビッグモーター
                    
",https://next.rikunabi.com/company/cmi0268611003/?leadtc=ngen_sgenlnk_cmpyarea
"
                    イオンモール株式会社　ハウジング事業推進部
                    
",https://next.rikunabi.com/company/cmi0344550111/?leadtc=ngen_sgenlnk_cmpyarea
"
                    日本リシャイン株式会社
                    
",https://next.rikunabi.com/company/cmi3076714001/?leadtc=ngen_sgenlnk_cmpyarea
"
                    株式会社タウンハウジング
                    
",https://next.rikunabi.com/company/cmi0110177001/?leadtc=ngen_sgenlnk_cmpyarea
"
                    ラクスル株式会社
                    
",https://next.rikunabi.com/company/cmi3002603007/?leadtc=ngen_sgenlnk_cmpyarea
"
                    AIGATEキャリア株式会社
                    
",https://next.rikunabi.com/company/cmi3739375001/?leadtc=ngen_sgenlnk_cmpyarea
"
                    大東建託株式会社
                    
",https://next.rikunabi.com/company/cmi0502939471/?leadtc=ngen_sgenlnk_cmpyarea
"
                    日本交通株式会社　ハイヤー事業部
                    
",https://next.rikunabi.com/company/cmi0162301014/?leadtc=ngen_sgenlnk_cmpyarea
"
                    キャリアリンク株式会社
                    
",https://next.rikunabi.com/company/cmi0489584010/?leadtc=ngen_sgenlnk_cmpyarea
"
                    大同生命保険株式会社
                    
",https://next.rikunabi.com/company/cmi0122648278/?leadtc=ngen_sgenlnk_cmpyarea
"
                    ROY株式会社
                    
",https://next.rikunabi.com/company/cmi2975239001/?leadtc=ngen_sgenlnk_cmpyarea
"
                    ベルテクノス
                    
",https://next.rikunabi.com/company/cmi2056438001/?leadtc=ngen_sgenlnk_cmpyarea
"
                    株式会社ウエストエネルギーソリューション
                    
",https://next.rikunabi.com/company/cmi0357931022/?leadtc=ngen_sgenlnk_cmpyarea
"
                    三共アメニテクス株式会社
                    
",https://next.rikunabi.com/company/cmi2078991001/?leadtc=ngen_sgenlnk_cmpyarea
"
                    東建コーポレーション株式会社
                    
",https://next.rikunabi.com/company/cmi0542667025/?leadtc=ngen_sgenlnk_cmpyarea
"
                    株式会社パソナ
                    
",https://next.rikunabi.com/company/cmi2071618176/?leadtc=ngen_sgenlnk_cmpyarea
"
                    株式会社ビートレーディング
                    
",https://next.rikunabi.com/company/cmi3483346001/?leadtc=ngen_sgenlnk_cmpyarea
"
                    株式会社アサンテ
                    
",https://next.rikunabi.com/company/cmi0083514023/?leadtc=ngen_sgenlnk_cmpyarea
"
                    オリックス生命保険株式会社
                    
",https://next.rikunabi.com/company/cmi0274172024/?leadtc=ngen_sgenlnk_cmpyarea
"
                    株式会社カスタマーリレーションテレマーケティング
                    
",https://next.rikunabi.com/company/cmi2753631001/?leadtc=ngen_sgenlnk_cmpyarea
"
                    株式会社トライグループ
                    
",https://next.rikunabi.com/company/cmi0555532028/?leadtc=ngen_sgenlnk_cmpyarea
"
                    東建コーポレーション株式会社
                    
",https://next.rikunabi.com/company/cmi0542667025/?leadtc=ngen_sgenlnk_cmpyarea
"
                    ECO信頼サービス株式会社
                    
",https://next.rikunabi.com/company/cmi3490739002/?leadtc=ngen_sgenlnk_cmpyarea
"
                    住友不動産株式会社
                    
",https://next.rikunabi.com/company/cmi0248910140/?leadtc=ngen_sgenlnk_cmpyarea
"
                    大東建託株式会社
                    
",https://next.rikunabi.com/company/cmi0502939471/?leadtc=ngen_sgenlnk_cmpyarea
"
                    株式会社まるの会
                    
",https://next.rikunabi.com/company/cmi2801962002/?leadtc=ngen_sgenlnk_cmpyarea
"
                    大東建託株式会社
                    
",https://next.rikunabi.com/company/cmi0502939471/?leadtc=ngen_sgenlnk_cmpyarea
"
                    大東建託株式会社
                    
",https://next.rikunabi.com/company/cmi0502939471/?leadtc=ngen_sgenlnk_cmpyarea
"
                    住友不動産株式会社
                    
",https://next.rikunabi.com/company/cmi0248910140/?leadtc=ngen_sgenlnk_cmpyarea
"
                    株式会社桧家住宅
                    
",https://next.rikunabi.com/company/cmi2361200001/?leadtc=ngen_sgenlnk_cmpyarea
"
                    株式会社ドン・キホーテ
                    
",https://next.rikunabi.com/company/cmi0436859006/?leadtc=ngen_sgenlnk_cmpyarea
"
                    株式会社シェアードウェイ
                    
",https://next.rikunabi.com/company/cmi3929191001/?leadtc=ngen_sgenlnk_cmpyarea
"
                    住友不動産株式会社
                    
",https://next.rikunabi.com/company/cmi0248910140/?leadtc=ngen_sgenlnk_cmpyarea
"
                    京都さがの館／株式会社　京繊
                    
",https://next.rikunabi.com/company/cmi3162584001/?leadtc=ngen_sgenlnk_cmpyarea
"
                    株式会社ＰＧＳホーム
                    
",https://next.rikunabi.com/company/cmi1795771001/?leadtc=ngen_sgenlnk_cmpyarea
"
                    株式会社タイミー
                    
",https://next.rikunabi.com/company/cmi3817396002/?leadtc=ngen_sgenlnk_cmpyarea
"
                    株式会社ネオキャリア　
                    
",https://next.rikunabi.com/company/cmi1929210124/?leadtc=ngen_sgenlnk_cmpyarea
"
                    株式会社トライトキャリア
                    
",https://next.rikunabi.com/company/cmi3548274001/?leadtc=ngen_sgenlnk_cmpyarea
"
                    株式会社リードホーム
                    
",https://next.rikunabi.com/company/cmi3072020002/?leadtc=ngen_sgenlnk_cmpyarea
"
                    ヤフー株式会社
                    
",https://next.rikunabi.com/company/cmi3932405001/?leadtc=ngen_sgenlnk_cmpyarea
"
                    株式会社FIX
                    
",https://next.rikunabi.com/company/cmi3960823002/?leadtc=ngen_sgenlnk_cmpyarea
"
                    株式会社アーネストワン
                    
",https://next.rikunabi.com/company/cmi0258681001/?leadtc=ngen_sgenlnk_cmpyarea
"
                    株式会社ディア・ライフ
                    
",https://next.rikunabi.com/company/cmi2339421001/?leadtc=ngen_sgenlnk_cmpyarea
"
                    株式会社ウィルオブ・ワーク
                    
",https://next.rikunabi.com/company/cmi1671484014/?leadtc=ngen_sgenlnk_cmpyarea
"
                    ヤフー株式会社
                    
",https://next.rikunabi.com/company/cmi3932405001/?leadtc=ngen_sgenlnk_cmpyarea
"
                    ほけんの窓口グループ株式会社◆「ほけんの窓口」
                    
",https://next.rikunabi.com/company/cmi1997728001/?leadtc=ngen_sgenlnk_cmpyarea
